,finn_code,manufacturer,model,km,power,cylinder,model_age,trans_0,trans_1,trans_2,fuel_type_0,fuel_type_1,fuel_type_2,fuel_type_3,fuel_type_4,gear_0,gear_1,price
6187,135670829,30,418,98.0,181.0,2.0,4,0,1,0,0,1,0,0,0,0,1,246.00000000000003
10136,137791706,6,348,7.0,150.0,2.0,1,0,1,0,0,1,0,0,0,0,1,467.9999999999999
4737,138071547,1,31,12.0,252.0,2.0,1,0,0,1,0,0,0,1,0,1,0,588.9999999999998
3569,138125238,1,18,6.0,252.0,2.0,2,0,0,1,0,0,0,1,0,1,0,418.9999999999998
2760,138145052,8,212,50.0,67.0,1.0,2,0,1,0,1,0,0,0,0,0,1,128.99999999999994
897,138207201,17,256,0.0,150.0,0.0,0,0,1,0,0,0,1,0,0,1,0,323.00000000000017
3876,138117743,6,176,19.0,120.0,1.5,2,0,1,0,0,1,0,0,0,0,1,229.00000000000009
5732,138048846,29,192,0.0,184.0,2.0,1,1,0,0,0,1,0,0,0,1,0,468.9999999999997
8506,137836308,1,31,124.0,258.0,3.0,6,1,0,0,0,1,0,0,0,1,0,388.99999999999983
2628,138142873,30,420,251.0,193.0,2.5,21,0,1,0,1,0,0,0,0,1,0,29.999999999999996
9589,137806309,17,256,35.0,109.0,0.0,5,0,1,0,0,0,1,0,0,1,0,159.99999999999994
6280,138023536,17,256,3.0,149.0,0.0,1,0,1,0,0,0,1,0,0,1,0,285.00000000000006
4768,138070896,1,436,185.0,150.0,2.0,14,1,0,0,0,1,0,0,0,0,1,88.00000000000004
4926,138067083,29,405,64.0,204.0,2.0,2,1,0,0,0,1,0,0,0,1,0,429.9999999999996
9466,137809154,19,303,78.0,90.0,1.6,6,0,1,0,0,1,0,0,0,1,0,88.99999999999994
7254,137929615,1,8,62.0,326.0,3.0,4,1,0,0,1,0,0,0,0,1,0,564.0
1743,138183742,1,214,8.0,184.0,0.0,1,0,0,1,0,0,1,0,0,1,0,358.9999999999998
7631,137894961,8,213,6.0,99.0,1.0,1,0,1,0,1,0,0,0,0,0,1,181.99999999999994
824,129209958,17,310,222.0,160.0,3.0,14,1,0,0,0,1,0,0,0,1,0,131.99999999999991
4794,138069280,7,126,120.0,83.0,1.3,10,0,1,0,1,0,0,0,0,0,1,64.99999999999997
9602,137806043,28,453,50.0,100.0,1.5,4,0,1,0,0,0,0,1,0,1,0,148.99999999999991
9071,137818246,17,316,129.0,109.0,1.6,15,0,1,0,1,0,0,0,0,0,1,34.99999999999999
10568,134110486,30,443,232.0,163.0,2.4,16,1,0,0,0,1,0,0,0,1,0,61.00000000000002
3323,138131893,19,303,95.0,90.0,1.6,6,0,1,0,0,1,0,0,0,0,1,85.00000000000003
1231,138199666,30,441,10.0,190.0,2.0,1,1,0,0,0,1,0,0,0,1,0,598.9999999999997
6246,138019747,30,417,141.0,109.0,1.6,11,0,1,0,0,1,0,0,0,0,1,52.0
5192,138061609,17,256,7.0,109.0,0.0,2,0,1,0,0,0,1,0,0,1,0,229.00000000000009
4917,138067445,1,214,38.0,170.0,0.0,3,0,0,1,0,0,1,0,0,1,0,205.0
6020,138039803,18,140,75.0,95.0,1.3,8,0,1,0,0,1,0,0,0,0,1,74.99999999999999
3618,80604673,1,434,85.0,136.0,2.0,7,1,0,0,0,1,0,0,0,1,0,215.0
8135,137857400,6,348,96.0,116.0,1.6,5,0,1,0,0,1,0,0,0,0,1,232.00000000000003
2958,138139845,1,214,14.0,170.0,0.0,4,0,1,0,0,0,1,0,0,1,0,199.9999999999999
6770,137981336,6,175,137.0,75.0,1.2,14,0,1,0,1,0,0,0,0,0,1,15.999999999999991
1591,137988583,1,18,260.0,150.0,2.0,19,0,0,1,1,0,0,0,0,0,1,21.000000000000004
4365,138084353,6,196,23.0,120.0,1.5,3,0,1,0,0,1,0,0,0,0,1,229.9999999999999
10988,136199403,29,312,83.0,90.0,2.0,9,0,1,0,0,1,0,0,0,0,1,74.99999999999999
9332,137812835,19,303,31.0,48.0,0.0,5,0,1,0,0,0,1,0,0,1,0,110.00000000000003
6212,137998562,16,299,130.0,140.0,2.0,12,1,0,0,0,1,0,0,0,0,1,110.00000000000003
10990,137749179,0,52,4.0,95.0,1.0,1,0,1,0,1,0,0,0,0,1,0,238.99999999999994
3581,138120875,29,107,120.0,102.0,2.0,7,0,1,0,0,1,0,0,0,0,1,70.00000000000003
5943,138042510,25,452,14.0,114.0,1.6,3,1,0,0,1,0,0,0,0,1,0,274.99999999999994
5500,138055256,17,256,0.0,150.0,0.0,1,0,1,0,0,0,1,0,0,1,0,328.9999999999998
3984,131813941,1,31,212.0,177.0,2.0,13,0,0,1,0,1,0,0,0,1,0,111.99999999999994
9597,137806142,30,442,63.0,163.0,2.4,5,1,0,0,0,1,0,0,0,1,0,428.9999999999999
2523,138149681,30,442,51.0,163.0,2.4,2,1,0,0,0,1,0,0,0,1,0,499.99999999999983
9303,137813662,30,442,19.0,235.0,2.0,1,1,0,0,0,1,0,0,0,1,0,788.9999999999995
6859,137903879,13,37,187.0,120.0,1.8,14,0,1,0,1,0,0,0,0,0,1,16.999999999999996
4525,138076936,16,299,56.0,150.0,2.3,3,1,0,0,0,1,0,0,0,1,0,268.99999999999994
8350,137845761,1,214,12.0,170.0,0.0,1,0,0,1,0,0,1,0,0,1,0,334.9999999999999
2049,138164932,30,416,31.0,120.0,2.0,3,0,1,0,0,1,0,0,0,1,0,287.9999999999999
1208,138200085,0,54,103.0,105.0,1.6,7,0,1,0,0,1,0,0,0,0,1,108.99999999999997
2201,121550875,17,327,67.0,110.0,1.5,4,0,1,0,0,1,0,0,0,0,1,195.9999999999999
4938,138066560,6,176,52.0,125.0,1.0,5,0,1,0,1,0,0,0,0,0,1,168.99999999999997
3405,138129728,14,187,3.0,204.0,2.1,1,1,0,0,0,1,0,0,0,1,0,729.0000000000001
5828,138046136,23,293,24.0,140.0,1.4,4,0,1,0,1,0,0,0,0,0,1,219.0
5120,138062866,14,159,67.0,194.0,2.0,2,0,0,1,0,1,0,0,0,1,0,488.99999999999983
9669,137802753,18,71,40.0,105.0,1.0,2,0,1,0,1,0,0,0,0,0,1,219.0
2227,138155707,30,422,39.0,190.0,2.0,1,1,0,0,0,1,0,0,0,1,0,649.0000000000001
8194,136797518,29,397,167.0,105.0,1.9,13,0,1,0,0,1,0,0,0,0,1,46.99999999999998
8890,137821714,29,191,112.0,110.0,1.6,4,0,1,0,0,1,0,0,0,1,0,164.99999999999994
10597,135191427,29,412,36.0,60.0,1.0,7,0,1,0,1,0,0,0,0,0,1,78.0
1283,138193888,6,168,135.0,220.0,2.0,24,1,0,0,1,0,0,0,0,0,1,274.99999999999994
2741,138145490,30,418,73.0,233.0,2.4,3,1,0,0,0,0,0,1,0,1,0,338.9999999999996
5437,138056662,17,256,0.0,109.0,0.0,0,0,1,0,0,0,1,0,0,1,0,236.00000000000006
3803,138119436,23,293,35.0,110.0,2.0,3,1,0,0,0,1,0,0,0,0,1,219.0
1492,138190079,14,80,32.0,180.0,0.0,4,0,1,0,0,0,1,0,0,1,0,198.99999999999983
5363,138058458,19,10,33.0,110.0,1.2,3,0,1,0,1,0,0,0,0,1,0,219.0
6646,137989149,19,36,125.0,111.0,1.6,8,0,1,0,0,1,0,0,0,1,0,94.99999999999999
416,138218564,29,194,88.0,122.0,1.4,6,0,1,0,1,0,0,0,0,1,0,119.99999999999996
10558,137766699,1,214,29.0,170.0,0.0,3,0,0,1,0,0,1,0,0,1,0,209.99999999999972
10954,137750328,13,149,25.0,150.0,2.2,5,1,0,0,0,1,0,0,0,1,0,287.9999999999999
3131,138136056,16,299,98.0,121.0,2.0,3,1,0,0,0,0,0,1,0,1,0,299.9999999999999
7399,137904535,25,177,128.0,147.0,2.0,9,1,0,0,0,1,0,0,0,0,1,134.99999999999997
837,138197906,28,75,230.0,129.0,1.8,15,0,1,0,1,0,0,0,0,0,1,23.999999999999996
2881,138142037,28,90,17.0,122.0,1.8,1,0,1,0,0,0,0,1,0,1,0,322.00000000000006
721,138211327,0,325,62.0,163.0,2.0,3,1,0,0,0,1,0,0,0,1,0,417.9999999999996
3320,133758942,3,440,119.0,132.0,2.0,22,0,1,0,1,0,0,0,0,0,1,23.999999999999996
2241,138155145,7,126,183.0,140.0,2.2,11,0,1,0,0,1,0,0,0,0,1,59.00000000000001
10302,137785311,14,159,156.0,136.0,2.1,9,0,0,1,0,1,0,0,0,1,0,149.99999999999986
1215,138199898,11,374,135.0,135.0,1.6,7,0,1,0,1,0,0,0,0,0,1,128.99999999999994
11141,137745616,5,35,81.0,120.0,1.6,4,0,1,0,0,1,0,0,0,0,1,168.99999999999997
9147,137816813,25,219,82.0,107.0,1.5,8,1,0,0,1,0,0,0,0,0,1,119.99999999999996
10265,137748716,27,274,101.0,422.0,0.0,5,0,0,1,0,0,1,0,0,1,0,529.9999999999997
5777,138047518,1,436,187.0,177.0,2.0,12,1,0,0,0,1,0,0,0,1,0,139.0
2455,138150471,28,208,82.0,144.0,2.5,6,1,0,0,0,1,0,0,0,0,1,229.00000000000009
5313,76969442,1,18,164.0,170.0,2.0,9,0,0,1,1,0,0,0,0,1,0,148.99999999999991
8930,137821275,16,300,97.0,230.0,3.2,6,1,0,0,0,1,0,0,0,1,0,299.0
7350,137915587,29,405,143.0,114.0,2.0,6,0,1,0,0,1,0,0,0,0,1,100.00000000000003
6112,138037078,11,374,87.0,116.0,1.7,6,0,1,0,0,1,0,0,0,0,1,145.00000000000003
2423,130788801,28,254,256.0,163.0,3.0,17,1,0,0,0,1,0,0,0,1,0,86.99999999999997
1820,134954067,29,405,227.0,105.0,1.9,15,0,1,0,0,1,0,0,0,0,1,46.99999999999998
5681,138050209,9,150,38.0,163.0,2.5,3,1,0,0,0,1,0,0,0,1,0,348.9999999999996
8751,137825364,14,51,150.0,95.0,1.5,11,0,1,0,1,0,0,0,0,0,1,55.0
8128,129482145,30,444,198.0,185.0,2.0,10,1,0,0,0,1,0,0,0,1,0,203.99999999999986
3587,138124917,28,73,83.0,136.0,1.8,5,0,1,0,0,0,0,1,0,1,0,189.00000000000009
10085,137792509,30,418,89.0,286.0,2.4,5,1,0,0,0,0,0,1,0,1,0,298.0000000000001
10663,137761882,30,415,37.0,115.0,1.6,4,0,1,0,0,1,0,0,0,1,0,209.0
2759,138145005,14,91,25.0,156.0,1.6,4,0,0,1,1,0,0,0,0,1,0,299.9999999999999
697,138211775,1,31,28.0,190.0,2.0,1,1,0,0,0,1,0,0,0,1,0,663.9999999999998
2929,138140700,11,369,0.0,110.0,0.0,0,0,1,0,0,0,1,0,0,1,0,267.99999999999983
9412,137810523,14,51,50.0,122.0,1.6,5,0,1,0,1,0,0,0,0,1,0,209.0
9099,137817732,1,31,87.0,163.0,2.0,4,1,0,0,0,1,0,0,0,1,0,368.9999999999999
5968,105106409,19,2,106.0,68.0,1.4,14,0,1,0,0,1,0,0,0,0,1,27.99999999999999
15,138228534,30,415,8.0,120.0,2.0,1,0,1,0,0,1,0,0,0,1,0,319.9999999999997
5086,138063699,19,19,67.0,120.0,1.6,4,0,1,0,0,1,0,0,0,1,0,189.00000000000009
9778,137799919,28,208,224.0,144.0,2.5,9,1,0,0,0,1,0,0,0,0,1,149.99999999999986
1145,138201048,28,208,86.0,171.0,3.0,4,1,0,0,0,1,0,0,0,1,0,299.0
7453,137905169,29,364,268.0,116.0,2.0,15,0,1,0,0,1,0,0,0,0,1,26.999999999999996
6310,138022165,30,359,12.0,407.0,2.0,1,1,0,0,0,0,0,1,0,1,0,629.0000000000001
354,138219807,16,299,0.0,230.0,0.0,0,1,0,0,0,0,0,1,0,1,0,471.9999999999998
6560,137999662,16,299,101.0,202.0,2.0,3,1,0,0,0,0,0,1,0,1,0,254.9999999999999
9927,137796580,28,319,67.0,136.0,1.8,6,0,1,0,0,0,0,1,0,1,0,240.0000000000001
6207,132771575,27,274,91.0,332.0,0.0,4,1,0,0,0,0,1,0,0,1,0,525.0
6224,137521633,30,442,88.0,215.0,2.0,7,1,0,0,0,1,0,0,0,0,1,279.0
8640,137829326,1,18,140.0,122.0,1.6,10,0,0,1,1,0,0,0,0,0,1,100.00000000000003
2013,138160635,18,220,74.0,131.0,2.0,8,0,1,0,0,1,0,0,0,0,1,118.9999999999999
9272,137791216,0,59,224.0,232.0,3.0,12,1,0,0,0,1,0,0,0,1,0,116.99999999999993
6486,128384099,28,138,188.0,88.0,1.0,24,0,1,0,1,0,0,0,0,0,1,16.999999999999996
3660,138056957,29,392,146.0,140.0,2.0,9,1,0,0,0,1,0,0,0,1,0,139.0
698,138211681,28,73,104.0,136.0,1.8,5,0,1,0,0,0,0,1,0,1,0,163.99999999999997
7965,137873230,13,37,174.0,120.0,1.8,13,0,1,0,1,0,0,0,0,0,1,24.99999999999999
8335,137843083,18,71,80.0,110.0,1.7,9,0,1,0,0,1,0,0,0,0,1,100.00000000000003
8393,137841441,0,352,169.0,333.0,3.0,9,1,0,0,1,0,0,0,0,1,0,329.9999999999997
7171,137854094,19,33,163.0,111.0,1.6,8,0,1,0,0,1,0,0,0,1,0,85.99999999999994
9475,137808789,17,256,30.0,109.0,0.0,4,0,1,0,0,0,1,0,0,1,0,158.99999999999997
3100,138136525,19,33,18.0,120.0,1.6,1,0,1,0,0,1,0,0,0,1,0,428.9999999999999
3135,138135930,28,73,40.0,136.0,1.8,2,0,1,0,0,0,0,1,0,1,0,258.9999999999999
379,138219074,28,254,16.0,177.0,2.8,1,1,0,0,0,1,0,0,0,1,0,629.9999999999999
8714,137820520,27,274,50.0,332.0,0.0,3,1,0,0,0,0,1,0,0,1,0,618.9999999999998
5829,138046074,28,453,25.0,100.0,1.5,2,0,1,0,0,0,0,1,0,1,0,189.00000000000009
2146,138160046,19,89,117.0,110.0,2.2,5,0,1,0,0,1,0,0,0,0,1,128.99999999999994
351,138214548,1,438,92.0,258.0,3.0,5,1,0,0,0,1,0,0,0,1,0,618.9999999999998
8503,137835786,1,434,144.0,136.0,2.0,9,1,0,0,0,1,0,0,0,1,0,139.0
10572,137762288,1,18,177.0,116.0,2.0,14,0,0,1,1,0,0,0,0,0,1,23.999999999999996
8407,137841608,30,416,35.0,120.0,2.0,2,0,1,0,0,1,0,0,0,0,1,264.9999999999997
5641,138038875,26,218,68.0,83.0,1.0,15,1,0,0,1,0,0,0,0,1,0,56.99999999999998
5471,138055992,1,31,110.0,163.0,2.0,3,1,0,0,0,1,0,0,0,1,0,398.9999999999998
2827,138143237,1,438,152.0,286.0,3.0,11,1,0,0,0,1,0,0,0,1,0,268.99999999999994
8134,134973940,28,254,146.0,173.0,3.0,11,1,0,0,0,1,0,0,0,1,0,270.0000000000001
5912,138043687,11,337,43.0,99.0,1.0,2,0,1,0,1,0,0,0,0,0,1,168.99999999999997
7930,137875922,30,442,171.0,163.0,2.4,5,1,0,0,0,1,0,0,0,1,0,360.0
4341,136450694,29,191,48.0,115.0,0.0,3,0,1,0,0,0,1,0,0,1,0,215.0
4954,138066149,19,14,17.0,82.0,1.2,3,0,1,0,1,0,0,0,0,0,1,145.00000000000003
923,138206759,23,295,61.0,184.0,2.0,3,1,0,0,0,1,0,0,0,1,0,349.99999999999983
3018,138138381,29,307,70.0,150.0,2.0,3,1,0,0,0,1,0,0,0,0,1,349.99999999999983
1111,138187982,0,56,172.0,143.0,2.0,8,1,0,0,0,1,0,0,0,0,1,171.99999999999991
1778,138180836,2,387,300.0,182.0,6.5,19,1,0,0,0,1,0,0,0,1,0,40.00000000000001
4645,138066495,25,234,81.0,92.0,1.3,14,1,0,0,1,0,0,0,0,0,1,29.999999999999996
532,138215624,10,173,5.0,300.0,2.0,1,0,0,1,1,0,0,0,0,1,0,847.9999999999998
10084,137792502,17,327,11.0,116.0,1.2,2,0,1,0,1,0,0,0,0,0,1,268.99999999999994
6138,124502782,14,375,38.0,122.0,2.9,21,0,0,1,0,1,0,0,0,1,0,50.99999999999999
2586,138148885,17,256,7.0,150.0,0.0,1,0,1,0,0,0,1,0,0,1,0,299.0
1181,138200487,14,375,237.0,163.0,2.1,8,0,0,1,0,1,0,0,0,0,1,115.00000000000003
9700,137803075,19,22,174.0,109.0,1.6,10,0,1,0,0,1,0,0,0,0,1,50.99999999999999
3862,138111758,1,438,136.0,245.0,3.0,8,1,0,0,0,1,0,0,0,1,0,353.9999999999999
8782,137824399,14,51,59.0,360.0,2.0,5,1,0,0,1,0,0,0,0,1,0,479.99999999999983
4420,138075316,21,458,60.0,88.0,0.0,4,0,1,0,0,0,1,0,0,1,0,133.99999999999997
11037,137748148,3,96,9.0,110.0,1.2,1,0,1,0,1,0,0,0,0,1,0,289.0000000000001
5865,138044962,6,175,67.0,80.0,1.0,4,0,1,0,1,0,0,0,0,0,1,108.99999999999997
6572,132077481,1,214,78.0,170.0,0.0,2,0,0,1,0,0,1,0,0,1,0,250.0
772,138209889,28,73,71.0,136.0,1.8,6,0,1,0,0,0,0,1,0,1,0,168.99999999999997
8030,134202592,29,397,194.0,105.0,2.0,10,0,1,0,0,1,0,0,0,1,0,76.99999999999997
8476,137838116,10,433,136.0,131.0,2.0,11,0,1,0,0,1,0,0,0,0,1,70.00000000000003
11038,137748139,30,418,41.0,120.0,2.0,3,0,1,0,0,1,0,0,0,0,1,274.99999999999994
10288,137786353,29,392,39.0,190.0,2.0,2,1,0,0,0,1,0,0,0,1,0,499.0
7239,137935586,30,359,43.0,190.0,2.0,2,0,1,0,0,1,0,0,0,1,0,499.99999999999983
8180,131569594,14,91,189.0,120.0,2.0,8,0,0,1,0,1,0,0,0,0,1,115.99999999999993
6030,138039692,13,30,77.0,116.0,1.6,6,0,1,0,0,1,0,0,0,0,1,168.99999999999997
2837,138142929,29,412,28.0,60.0,1.0,2,0,1,0,1,0,0,0,0,0,1,139.0
959,138205772,19,5,1.0,69.0,1.0,1,0,1,0,1,0,0,0,0,0,1,170.0
8630,133506201,30,444,118.0,200.0,2.4,7,1,0,0,0,1,0,0,0,1,0,402.99999999999983
2920,138136387,1,18,209.0,170.0,2.2,18,0,0,1,1,0,0,0,0,1,0,50.00000000000001
9462,137809169,6,400,78.0,125.0,2.2,6,1,0,0,0,1,0,0,0,0,1,198.99999999999983
1872,138175725,30,415,29.0,150.0,2.0,1,0,1,0,0,1,0,0,0,1,0,349.99999999999983
2023,138160424,30,443,162.0,163.0,2.4,6,1,0,0,0,1,0,0,0,1,0,270.0000000000001
5694,133324553,19,303,98.0,90.0,1.6,7,0,1,0,0,1,0,0,0,1,0,70.99999999999997
8271,134321304,30,444,14.0,407.0,2.0,1,1,0,0,0,0,0,1,0,1,0,845.9999999999999
9125,137817284,29,191,26.0,150.0,1.4,2,0,1,0,0,0,0,1,0,1,0,260.0
2518,138149778,30,421,71.0,235.0,2.0,2,1,0,0,0,1,0,0,0,1,0,599.9999999999999
5631,138050949,6,402,211.0,110.0,1.8,7,0,1,0,0,1,0,0,0,0,1,38.99999999999999
1401,138195491,6,176,135.0,109.0,1.6,10,0,1,0,0,1,0,0,0,0,1,40.00000000000001
9164,137816453,30,444,7.0,407.0,2.0,1,1,0,0,0,0,0,1,0,1,0,949.0000000000003
893,138207301,17,256,7.0,150.0,0.0,1,0,1,0,0,0,1,0,0,1,0,309.00000000000017
6028,138039726,8,216,78.0,135.0,1.6,4,0,1,0,1,0,0,0,0,0,1,168.99999999999997
7309,137923234,0,352,132.0,333.0,3.0,9,1,0,0,1,0,0,0,0,1,0,338.9999999999996
9318,137813263,29,412,22.0,60.0,1.0,3,0,1,0,1,0,0,0,0,0,1,110.00000000000003
7196,137936294,30,443,127.0,163.0,2.4,4,1,0,0,0,1,0,0,0,1,0,399.9999999999999
9488,137808535,5,32,10.0,84.0,0.9,2,0,1,0,1,0,0,0,0,0,1,158.99999999999997
2868,138137297,17,256,14.0,150.0,0.0,1,0,1,0,0,0,1,0,0,1,0,309.00000000000017
10094,137792347,13,37,90.0,150.0,2.2,6,0,1,0,0,1,0,0,0,1,0,220.00000000000006
9668,137803329,29,193,131.0,105.0,1.9,12,0,1,0,0,1,0,0,0,1,0,70.00000000000003
6,138228875,30,442,17.0,190.0,2.0,1,1,0,0,0,1,0,0,0,1,0,759.0000000000001
206,138223540,17,161,20.0,109.0,0.0,3,0,1,0,0,0,1,0,0,1,0,205.0
5283,138058322,30,442,210.0,163.0,2.4,8,1,0,0,0,1,0,0,0,1,0,250.0
3443,138124988,6,402,8.0,120.0,1.5,2,0,1,0,0,1,0,0,0,0,1,205.0
1091,138202382,30,422,19.0,190.0,2.0,1,1,0,0,0,1,0,0,0,1,0,688.9999999999997
6754,137982514,6,402,114.0,75.0,1.8,10,0,1,0,0,1,0,0,0,0,1,46.0
5197,138061488,16,250,85.0,178.0,2.5,4,1,0,0,0,1,0,0,0,1,0,258.9999999999999
9965,137794996,17,282,191.0,190.0,2.5,7,1,0,0,0,1,0,0,0,1,0,178.99999999999983
6059,138033714,16,300,182.0,99.0,2.0,25,1,0,0,0,1,0,0,0,0,1,36.0
5125,138062732,1,214,32.0,170.0,0.0,3,0,0,1,0,0,1,0,0,1,0,209.0
9191,135744613,0,59,83.0,204.0,3.0,6,1,0,0,0,1,0,0,0,1,0,419.99999999999983
6951,86199213,30,98,198.0,109.0,1.6,9,0,1,0,0,1,0,0,0,0,1,50.00000000000001
1470,138193120,6,248,193.0,136.0,2.0,10,1,0,0,0,1,0,0,0,0,1,139.9999999999999
2730,138145589,29,107,15.0,102.0,2.0,1,0,1,0,0,1,0,0,0,0,1,197.99999999999991
3757,138120602,29,306,36.0,218.0,1.4,1,0,1,0,1,0,0,0,0,1,0,368.9999999999999
3384,138130128,25,177,83.0,150.0,2.0,5,1,0,0,1,0,0,0,0,1,0,268.99999999999994
10607,137760794,19,21,202.0,109.0,2.0,11,0,1,0,0,1,0,0,0,0,1,41.999999999999986
7788,129796633,11,311,21.0,65.0,1.0,2,0,1,0,1,0,0,0,0,0,1,115.00000000000003
6014,138040044,18,71,10.0,105.0,1.0,2,0,1,0,1,0,0,0,0,0,1,248.99999999999977
11158,137745213,27,274,43.0,107.0,0.0,3,1,0,0,0,0,1,0,0,1,0,638.9999999999991
7175,128909098,1,31,159.0,218.0,2.0,6,1,0,0,0,1,0,0,0,1,0,342.9999999999998
6463,138002324,1,18,90.0,306.0,3.0,6,1,0,0,1,0,0,0,0,1,0,484.9999999999997
1891,138150068,14,91,284.0,163.0,2.0,19,0,0,1,1,0,0,0,0,1,0,19.999999999999993
7385,137912939,3,93,44.0,64.0,0.0,7,0,0,1,0,0,1,0,0,1,0,70.00000000000003
6006,133835166,30,420,219.0,163.0,2.4,14,1,0,0,0,1,0,0,0,1,0,76.99999999999997
5166,138061955,29,405,97.0,140.0,2.0,5,1,0,0,0,1,0,0,0,0,1,189.00000000000009
4052,138105099,1,31,222.0,218.0,3.0,14,0,0,1,0,1,0,0,0,1,0,100.00000000000003
9520,137807809,30,418,10.0,220.0,2.4,1,1,0,0,0,0,0,1,0,1,0,478.9999999999995
5223,138057293,3,94,171.0,68.0,1.0,12,0,1,0,1,0,0,0,0,0,1,18.000000000000014
10723,136035874,28,73,52.0,136.0,1.8,2,0,1,0,0,0,0,1,0,1,0,248.99999999999977
1287,138198725,14,429,133.0,150.0,2.1,11,1,0,0,0,1,0,0,0,1,0,128.99999999999994
5816,135723534,14,159,170.0,163.0,1.8,16,0,0,1,1,0,0,0,0,1,0,50.00000000000001
4494,138078498,30,418,34.0,231.0,2.4,3,1,0,0,0,0,0,1,0,1,0,398.9999999999998
1342,138197352,17,256,40.0,109.0,0.0,5,0,1,0,0,0,1,0,0,1,0,159.99999999999994
4218,138095755,28,138,89.0,110.0,1.6,13,0,1,0,1,0,0,0,0,1,0,59.99999999999997
2503,66861018,16,299,59.0,150.0,2.0,6,0,1,0,1,0,0,0,0,1,0,223.99999999999983
10987,137747454,30,420,255.0,180.0,2.4,15,0,1,0,1,0,0,0,0,1,0,41.999999999999986
9578,137806483,28,453,43.0,100.0,1.5,4,0,1,0,0,0,0,1,0,1,0,154.00000000000003
10657,137613366,1,18,130.0,163.0,2.0,13,0,0,1,0,1,0,0,0,1,0,101.99999999999994
8966,137820561,14,91,44.0,156.0,1.6,3,0,0,1,1,0,0,0,0,1,0,368.9999999999999
1948,136513641,30,358,143.0,185.0,2.0,12,0,1,0,0,1,0,0,0,1,0,124.00000000000001
1929,138164244,14,262,163.0,224.0,3.0,12,1,0,0,0,1,0,0,0,1,0,230.99999999999986
8929,137821253,28,254,45.0,177.0,2.8,4,1,0,0,0,1,0,0,0,1,0,463.9999999999997
3208,138134577,29,397,192.0,105.0,1.6,6,0,1,0,0,1,0,0,0,1,0,110.00000000000003
4378,138078266,23,244,51.0,179.0,2.0,2,1,0,0,1,0,0,0,0,1,0,588.9999999999998
7727,137883206,23,293,86.0,179.0,1.8,5,1,0,0,1,0,0,0,0,1,0,244.00000000000003
7381,137912954,28,208,345.0,102.0,2.5,15,1,0,0,0,1,0,0,0,0,1,71.99999999999996
10443,127029345,11,374,74.0,136.0,2.0,6,1,0,0,0,1,0,0,0,0,1,213.99999999999986
2589,138148797,23,241,6.0,150.0,2.0,1,1,0,0,0,1,0,0,0,1,0,478.9999999999995
2804,138143697,23,333,22.0,90.0,1.2,3,0,1,0,1,0,0,0,0,1,0,189.9999999999999
2895,138141636,29,364,231.0,140.0,2.0,7,1,0,0,0,1,0,0,0,0,1,229.00000000000009
8367,137840206,30,420,225.0,136.0,2.0,10,0,1,0,0,1,0,0,0,0,1,83.99999999999994
10157,137785104,0,55,260.0,120.0,2.0,8,0,1,0,0,1,0,0,0,1,0,74.0
7262,137927467,29,191,250.0,150.0,1.9,17,0,1,0,0,1,0,0,0,0,1,52.0
7598,137890476,30,420,299.0,193.0,2.4,21,1,0,0,1,0,0,0,0,0,1,22.00000000000001
915,138202280,14,262,240.0,218.0,3.0,21,1,0,0,1,0,0,0,0,1,0,43.999999999999986
5609,138051297,14,91,70.0,136.0,2.1,6,0,0,1,0,1,0,0,0,1,0,199.9999999999999
6230,138013547,17,256,6.0,150.0,0.0,1,0,1,0,0,0,1,0,0,1,0,324.9999999999999
3346,138131335,6,175,91.0,101.0,1.0,4,0,1,0,1,0,0,0,0,1,0,148.99999999999991
4764,138000390,21,458,53.0,92.0,0.0,2,0,1,0,0,0,1,0,0,1,0,215.0
9625,137805565,21,271,28.0,132.0,1.2,2,0,1,0,1,0,0,0,0,1,0,289.0000000000001
10182,137790527,14,51,101.0,136.0,1.8,6,0,1,0,0,1,0,0,0,1,0,209.0
1355,138197140,29,195,41.0,86.0,1.2,2,0,1,0,1,0,0,0,0,0,1,215.0
390,138218905,6,248,174.0,140.0,2.0,7,1,0,0,0,1,0,0,0,0,1,179.9999999999999
9157,135922061,17,256,52.0,109.0,0.0,5,0,1,0,0,0,1,0,0,1,0,164.99999999999994
8242,132814940,18,71,174.0,110.0,1.7,11,0,1,0,0,1,0,0,0,0,1,38.0
5486,138054858,17,256,23.0,109.0,0.0,6,0,1,0,0,0,1,0,0,1,0,98.99999999999994
828,125291112,14,367,159.0,163.0,2.0,19,0,0,1,1,0,0,0,0,1,0,55.99999999999996
6819,137966584,14,185,126.0,258.0,3.0,5,1,0,0,0,1,0,0,0,1,0,589.9999999999997
10864,137753410,17,256,58.0,109.0,0.0,4,0,1,0,0,0,1,0,0,1,0,145.00000000000003
10817,137751942,15,17,127.0,95.0,1.4,10,0,1,0,1,0,0,0,0,0,1,78.99999999999996
8948,137820917,1,214,4.0,184.0,0.0,1,0,0,1,0,0,1,0,0,1,0,348.9999999999996
3763,138120422,30,416,68.0,114.0,1.6,4,0,1,0,0,1,0,0,0,0,1,198.99999999999983
4025,138109278,6,175,95.0,95.0,1.6,9,1,0,0,0,1,0,0,0,0,1,68.00000000000001
10190,137790327,26,448,168.0,109.0,2.0,14,1,0,0,0,1,0,0,0,0,1,148.99999999999991
1333,138197643,29,412,26.0,82.0,0.0,4,0,1,0,0,0,1,0,0,1,0,145.00000000000003
9753,137801360,3,101,73.0,82.0,1.2,5,0,1,0,1,0,0,0,0,0,1,108.99999999999997
1815,138176036,9,150,44.0,163.0,2.0,3,1,0,0,0,1,0,0,0,1,0,310.00000000000006
624,138206912,0,58,252.0,150.0,1.8,20,0,1,0,1,0,0,0,0,0,1,19.999999999999993
4806,137547424,1,214,0.0,184.0,0.0,0,0,0,1,0,0,1,0,0,1,0,399.9999999999999
8473,137081724,8,223,18.0,120.0,0.0,2,0,1,0,0,0,1,0,0,1,0,279.99999999999983
3906,138104589,22,46,315.0,150.0,2.0,13,0,1,0,1,0,0,0,0,1,0,22.00000000000001
3825,135061386,28,413,139.0,101.0,1.3,10,0,1,0,1,0,0,0,0,0,1,58.00000000000001
2869,138142338,7,143,192.0,150.0,2.0,14,1,0,0,1,0,0,0,0,0,1,48.99999999999996
5770,138047795,29,191,43.0,150.0,1.4,2,0,1,0,0,0,0,1,0,1,0,264.9999999999997
6001,138040361,18,430,91.0,120.0,1.6,4,0,1,0,0,1,0,0,0,0,1,159.99999999999994
10521,135951056,13,30,218.0,110.0,2.0,12,0,1,0,0,1,0,0,0,0,1,26.999999999999996
9566,137806754,7,228,4.0,102.0,1.3,1,0,1,0,1,0,0,0,0,1,0,274.0
5415,138057161,30,442,32.0,163.0,2.4,2,1,0,0,0,1,0,0,0,1,0,529.0
8326,137847448,28,254,11.0,177.0,2.8,2,1,0,0,0,1,0,0,0,1,0,534.9999999999997
2986,138130791,28,334,130.0,152.0,2.0,11,1,0,0,1,0,0,0,0,1,0,127.99999999999989
8716,137826024,14,51,46.0,122.0,1.6,1,0,1,0,1,0,0,0,0,1,0,289.0000000000001
7525,137900553,27,274,38.0,332.0,0.0,3,1,0,0,0,0,1,0,0,1,0,629.9999999999999
2716,138145972,6,404,88.0,101.0,2.2,3,0,1,0,0,1,0,0,0,0,1,197.99999999999991
9995,137794510,17,287,65.0,90.0,1.5,8,0,1,0,0,1,0,0,0,0,1,70.00000000000003
4266,138087018,19,170,40.0,128.0,2.0,6,1,0,0,0,1,0,0,0,0,1,139.9999999999999
686,138211863,1,31,44.0,163.0,2.0,4,1,0,0,0,1,0,0,0,1,0,439.99999999999966
2039,138165133,30,356,59.0,114.0,1.6,5,0,1,0,0,1,0,0,0,0,1,178.99999999999983
2832,138143100,14,375,314.0,163.0,2.1,9,0,0,1,0,1,0,0,0,1,0,108.99999999999997
514,138212734,3,233,146.0,90.0,1.6,10,0,1,0,0,1,0,0,0,0,1,15.999999999999991
239,138222587,1,214,1.0,170.0,0.0,1,0,0,1,0,0,1,0,0,1,0,337.9999999999998
3916,138116758,14,80,291.0,109.0,2.0,13,0,1,0,0,1,0,0,0,1,0,41.999999999999986
9822,137799270,18,71,86.0,140.0,1.4,8,0,1,0,1,0,0,0,0,1,0,118.9999999999999
1853,137919670,29,364,61.0,177.0,2.0,4,0,1,0,0,1,0,0,0,1,0,413.99999999999994
7314,137918552,30,418,117.0,163.0,2.0,7,0,1,0,0,1,0,0,0,1,0,178.99999999999983
10285,137786464,30,442,43.0,163.0,2.4,3,1,0,0,0,1,0,0,0,1,0,488.99999999999983
9416,137592931,18,71,153.0,101.0,1.6,26,0,1,0,1,0,0,0,0,0,1,19.999999999999993
5537,129588691,14,159,226.0,190.0,3.0,11,0,0,1,0,1,0,0,0,1,0,129.99999999999994
958,138205765,7,126,117.0,140.0,2.2,11,0,1,0,0,1,0,0,0,0,1,79.99999999999994
4464,138078892,25,257,194.0,125.0,2.0,16,1,0,0,1,0,0,0,0,1,0,28.999999999999993
10013,137793887,17,256,4.0,150.0,0.0,1,0,1,0,0,0,1,0,0,1,0,293.9999999999998
6676,137971459,19,23,14.0,131.0,1.2,1,0,1,0,1,0,0,0,0,1,0,309.00000000000017
10896,130905244,27,274,81.0,422.0,0.0,5,0,0,1,0,0,1,0,0,1,0,448.9999999999999
10500,133371390,17,256,72.0,109.0,0.0,5,0,1,0,0,0,1,0,0,1,0,128.99999999999994
8519,137833567,19,303,19.0,120.0,1.6,2,0,1,0,0,1,0,0,0,0,1,178.99999999999983
9285,137813903,3,96,4.0,110.0,1.2,1,0,1,0,1,0,0,0,0,1,0,279.0
6553,138002363,30,441,28.0,247.0,2.0,1,1,0,0,1,0,0,0,0,1,0,618.9999999999998
9515,137807865,3,197,41.0,131.0,1.2,3,0,1,0,1,0,0,0,0,1,0,289.99999999999994
10264,137787389,30,421,19.0,235.0,2.0,1,1,0,0,0,1,0,0,0,1,0,680.0
3093,135092834,1,214,9.0,170.0,0.0,1,0,0,1,0,0,1,0,0,1,0,338.9999999999996
5222,138061061,28,73,85.0,99.0,1.8,4,0,1,0,0,0,0,1,0,1,0,176.99999999999994
1027,138204083,6,402,50.0,75.0,1.6,5,0,1,0,0,1,0,0,0,0,1,119.99999999999996
353,138219901,17,327,24.0,131.0,1.6,4,0,1,0,0,1,0,0,0,1,0,270.0000000000001
7841,137874410,6,176,82.0,116.0,1.6,7,0,1,0,0,1,0,0,0,0,1,97.99999999999997
8283,137845670,0,55,236.0,150.0,2.0,19,0,1,0,1,0,0,0,0,0,1,21.000000000000004
1136,138201246,5,152,115.0,90.0,1.3,7,0,1,0,0,1,0,0,0,0,1,55.0
1823,138174181,0,54,206.0,105.0,1.9,11,0,1,0,0,1,0,0,0,0,1,59.99999999999997
3566,138125337,29,191,0.0,82.0,0.0,0,0,1,0,0,0,1,0,0,1,0,358.9999999999998
7303,137921909,14,51,91.0,122.0,1.6,6,0,1,0,1,0,0,0,0,1,0,152.99999999999991
7950,137874321,29,191,39.0,150.0,2.0,4,1,0,0,0,1,0,0,0,0,1,264.9999999999997
4475,138072715,0,55,251.0,110.0,1.9,19,1,0,0,0,1,0,0,0,0,1,28.999999999999993
4172,138094123,19,20,107.0,90.0,2.0,14,0,1,0,0,1,0,0,0,0,1,21.000000000000004
5019,138058967,17,310,265.0,115.0,3.0,26,1,0,0,0,1,0,0,0,0,1,16.999999999999996
3435,126150306,0,59,71.0,204.0,3.0,5,1,0,0,0,1,0,0,0,1,0,439.99999999999966
9234,137815114,14,91,75.0,279.0,2.0,4,0,0,1,0,0,0,1,0,1,0,379.9999999999999
1412,138195729,14,91,99.0,136.0,2.1,7,0,0,1,0,1,0,0,0,1,0,189.00000000000009
10427,137772193,14,159,258.0,150.0,2.0,17,0,0,1,0,1,0,0,0,1,0,36.0
4750,138071262,30,415,83.0,120.0,2.0,3,0,1,0,0,1,0,0,0,0,1,238.99999999999994
6141,138035369,29,405,91.0,180.0,2.0,6,1,0,0,0,1,0,0,0,1,0,234.0
4179,108057793,12,346,114.0,299.0,3.5,9,1,0,0,0,0,0,1,0,1,0,322.00000000000006
10004,137794364,17,256,22.0,107.0,0.0,3,0,1,0,0,0,1,0,0,1,0,175.99999999999972
5303,138059567,17,256,118.0,109.0,0.0,7,0,1,0,0,0,1,0,0,1,0,85.00000000000003
1315,138198030,6,182,187.0,140.0,2.0,9,0,1,0,0,1,0,0,0,0,1,139.0
7538,137854424,0,54,91.0,101.0,1.6,19,0,1,0,1,0,0,0,0,0,1,27.99999999999999
4120,138101366,6,348,191.0,140.0,2.0,11,0,1,0,0,1,0,0,0,0,1,50.00000000000001
3171,138131423,3,233,31.0,122.0,2.0,2,0,1,0,0,1,0,0,0,0,1,234.99999999999983
1229,138199655,6,277,105.0,140.0,2.0,8,0,1,0,0,1,0,0,0,1,0,158.99999999999997
978,133521073,29,67,40.0,140.0,2.0,5,1,0,0,0,1,0,0,0,0,1,395.0000000000001
654,138212466,15,141,44.0,122.0,1.6,3,0,1,0,1,0,0,0,0,1,0,248.99999999999977
10410,130817617,29,396,241.0,220.0,3.2,15,1,0,0,1,0,0,0,0,1,0,101.00000000000001
2192,138157667,4,330,88.0,243.0,3.0,5,1,0,0,0,1,0,0,0,1,0,499.0
9309,137788824,18,456,141.0,125.0,1.8,14,0,1,0,1,0,0,0,0,0,1,27.99999999999999
2336,138147909,13,16,65.0,105.0,2.0,13,0,1,0,1,0,0,0,0,1,0,59.99999999999997
7416,137910583,29,107,120.0,75.0,1.6,8,0,1,0,0,1,0,0,0,0,1,70.99999999999997
789,138209494,14,80,46.0,122.0,1.6,1,0,1,0,1,0,0,0,0,1,0,318.99999999999983
3021,138138444,28,73,50.0,99.0,1.8,4,0,1,0,0,0,0,1,0,1,0,229.00000000000009
408,138218601,1,31,182.0,245.0,3.0,9,1,0,0,0,1,0,0,0,1,0,289.99999999999994
10299,137785371,14,159,60.0,194.0,2.0,2,0,0,1,0,1,0,0,0,1,0,499.0
1127,138201257,18,204,15.0,120.0,1.6,2,0,1,0,0,1,0,0,0,1,0,397.99999999999983
1487,138193933,0,54,168.0,140.0,2.0,14,1,0,0,0,1,0,0,0,0,1,41.999999999999986
11165,137744893,17,285,72.0,171.0,2.5,9,1,0,0,0,1,0,0,0,1,0,248.99999999999977
2386,138151481,29,306,49.0,218.0,1.4,2,0,1,0,0,0,0,1,0,1,0,355.0000000000002
10422,137776118,30,418,86.0,190.0,2.4,3,1,0,0,0,1,0,0,0,1,0,279.0
6079,138038021,18,220,46.0,131.0,2.0,6,0,1,0,0,1,0,0,0,1,0,229.00000000000009
838,138208499,21,458,12.0,58.0,0.0,2,0,1,0,0,0,1,0,0,1,0,223.99999999999983
6031,138039699,13,7,25.0,90.0,1.5,4,0,1,0,1,0,0,0,0,0,1,148.99999999999991
1863,138164367,28,207,202.0,102.0,2.5,16,0,0,1,0,1,0,0,0,0,1,30.999999999999996
9849,137798819,20,266,43.0,211.0,3.0,3,1,0,0,0,1,0,0,0,1,0,678.9999999999997
8282,137849226,30,444,42.0,200.0,2.0,3,1,0,0,0,1,0,0,0,1,0,689.9999999999995
1242,138199453,30,421,11.0,407.0,2.0,1,1,0,0,0,0,0,1,0,1,0,779.0000000000001
3999,138111344,30,443,189.0,185.0,2.4,11,1,0,0,0,1,0,0,0,1,0,189.9999999999999
7524,137896804,17,242,193.0,133.0,2.0,17,1,0,0,0,1,0,0,0,0,1,50.99999999999999
935,138206339,19,33,23.0,131.0,1.2,2,0,1,0,1,0,0,0,0,1,0,388.99999999999983
1817,138175438,14,375,145.0,150.0,2.0,10,0,0,1,0,1,0,0,0,0,1,179.9999999999999
10188,137790377,30,421,40.0,235.0,2.0,2,1,0,0,0,1,0,0,0,1,0,610.0000000000003
10033,137793476,14,186,60.0,136.0,2.1,2,1,0,0,0,1,0,0,0,1,0,409.0
7406,136822567,0,55,138.0,163.0,1.8,16,1,0,0,1,0,0,0,0,0,1,76.99999999999997
10137,137791635,17,327,70.0,150.0,2.0,9,1,0,0,0,1,0,0,0,0,1,148.99999999999991
2767,138137365,6,176,32.0,125.0,1.0,3,0,1,0,1,0,0,0,0,1,0,227.99999999999986
9858,137798555,26,385,66.0,120.0,1.6,6,1,0,0,1,0,0,0,0,0,1,189.00000000000009
8222,129481723,29,312,147.0,64.0,1.2,13,0,1,0,1,0,0,0,0,0,1,24.99999999999999
6925,137969259,7,126,21.0,129.0,1.0,2,0,1,0,1,0,0,0,0,0,1,268.99999999999994
9757,137801269,20,119,32.0,211.0,2.7,5,0,0,1,1,0,0,0,0,1,0,649.0000000000001
2110,138161606,28,75,139.0,147.0,1.8,7,0,1,0,1,0,0,0,0,1,0,139.9999999999999
1614,138191359,28,453,9.0,100.0,1.5,2,0,1,0,0,0,0,1,0,1,0,238.99999999999994
10609,137764338,30,443,76.0,181.0,2.4,4,1,0,0,0,1,0,0,0,1,0,448.9999999999999
2235,138153919,23,293,135.0,102.0,1.6,14,0,1,0,1,0,0,0,0,0,1,24.99999999999999
5886,138044201,29,191,123.0,105.0,1.2,5,0,1,0,1,0,0,0,0,0,1,139.0
6300,138014486,1,438,214.0,235.0,3.0,10,1,0,0,0,1,0,0,0,1,0,262.99999999999983
7571,137894833,1,434,85.0,163.0,2.0,9,1,0,0,0,1,0,0,0,1,0,189.00000000000009
2988,138137126,16,299,171.0,202.0,2.0,4,1,0,0,0,0,0,1,0,1,0,198.99999999999983
1734,138180008,0,55,211.0,131.0,1.9,15,1,0,0,0,1,0,0,0,0,1,46.99999999999998
8397,137842248,30,443,72.0,181.0,2.4,3,1,0,0,0,1,0,0,0,1,0,499.99999999999983
5577,138053108,23,125,47.0,75.0,1.0,5,0,1,0,1,0,0,0,0,0,1,90.00000000000001
6140,138035738,2,87,11.0,204.0,0.0,2,0,1,0,0,0,1,0,0,1,0,323.99999999999983
7478,137908264,1,31,89.0,184.0,2.0,5,0,0,1,0,1,0,0,0,1,0,299.0
3978,132816994,30,442,45.0,190.0,2.4,3,1,0,0,0,1,0,0,0,1,0,428.9999999999999
5543,138049269,6,175,105.0,95.0,1.6,9,0,1,0,0,1,0,0,0,0,1,59.00000000000001
4054,138108666,29,192,18.0,180.0,1.8,1,1,0,0,1,0,0,0,0,1,0,418.9999999999998
9177,137816117,29,191,13.0,150.0,1.4,2,0,1,0,0,0,0,1,0,1,0,289.99999999999994
1177,126668394,17,290,18.0,145.0,2.3,2,0,1,0,0,1,0,0,0,0,1,247.99999999999994
7528,137896878,18,220,147.0,131.0,2.0,8,0,1,0,0,1,0,0,0,1,0,133.99999999999997
8330,137847205,14,128,3.0,122.0,1.6,1,0,1,0,1,0,0,0,0,1,0,385.0000000000001
3939,138081791,13,7,22.0,90.0,1.0,4,0,1,0,1,0,0,0,0,0,1,158.99999999999997
2035,138159073,14,159,191.0,170.0,2.1,10,0,0,1,0,1,0,0,0,1,0,129.99999999999994
10760,137757546,30,442,73.0,163.0,2.4,6,1,0,0,0,1,0,0,0,1,0,328.9999999999998
250,138222539,17,256,46.0,109.0,0.0,3,0,1,0,0,0,1,0,0,1,0,225.00000000000006
4072,138107539,23,382,134.0,140.0,2.0,9,0,1,0,0,1,0,0,0,1,0,139.9999999999999
2585,138148873,30,420,65.0,120.0,2.0,3,0,1,0,0,1,0,0,0,1,0,313.9999999999999
2623,138148082,28,208,4.0,150.0,2.4,3,1,0,0,0,1,0,0,0,0,1,468.9999999999997
10727,137758603,29,195,37.0,110.0,1.2,2,0,1,0,1,0,0,0,0,0,1,258.9999999999999
9868,137798425,0,59,59.0,211.0,3.0,3,1,0,0,0,1,0,0,0,1,0,549.0
1123,138201548,1,214,47.0,170.0,0.0,3,0,0,1,0,0,1,0,0,1,0,189.9999999999999
467,138217119,26,428,43.0,120.0,1.6,3,1,0,0,1,0,0,0,0,1,0,260.0
9223,137815461,19,222,41.0,48.0,0.0,4,0,0,1,0,0,1,0,0,1,0,74.0
6390,138016043,17,256,19.0,109.0,0.0,2,0,1,0,0,0,1,0,0,1,0,229.9999999999999
6130,138036599,14,159,45.0,136.0,2.1,8,0,0,1,0,1,0,0,0,1,0,229.00000000000009
6670,137980469,28,413,64.0,90.0,1.4,8,1,0,0,0,1,0,0,0,0,1,112.99999999999997
4390,131759788,29,194,171.0,105.0,1.9,13,0,1,0,0,1,0,0,0,0,1,36.0
2831,138143090,28,453,85.0,75.0,1.5,4,0,1,0,1,0,0,0,0,1,0,121.99999999999997
4656,138069742,0,55,100.0,143.0,2.0,9,0,1,0,0,1,0,0,0,0,1,128.99999999999994
5862,129368358,0,58,130.0,204.0,3.0,7,1,0,0,0,1,0,0,0,1,0,287.9999999999999
499,138216186,29,109,62.0,102.0,1.6,4,0,1,0,0,1,0,0,0,0,1,229.00000000000009
9414,137810616,29,392,114.0,140.0,2.0,6,1,0,0,0,1,0,0,0,1,0,250.0
5937,135084958,29,412,21.0,60.0,1.0,6,0,1,0,1,0,0,0,0,0,1,71.99999999999996
5590,138052780,29,306,172.0,105.0,1.6,8,0,1,0,0,1,0,0,0,0,1,98.99999999999994
10473,112636422,29,107,113.0,75.0,1.9,10,0,1,0,0,1,0,0,0,0,1,65.99999999999997
5143,138062221,29,191,58.0,204.0,1.4,3,0,1,0,0,0,0,1,0,1,0,248.99999999999977
2004,138166759,6,400,242.0,140.0,2.0,8,1,0,0,0,1,0,0,0,0,1,136.00000000000003
8803,137823759,1,438,1.0,313.0,2.0,1,1,0,0,0,0,0,1,0,1,0,779.0000000000001
9229,137815264,28,413,101.0,130.0,1.8,10,0,1,0,1,0,0,0,0,1,0,78.99999999999996
62,138227010,30,442,22.0,190.0,2.0,1,1,0,0,0,1,0,0,0,1,0,729.0000000000001
10488,137768711,28,453,155.0,68.0,1.0,18,0,1,0,1,0,0,0,0,0,1,18.999999999999993
4906,138067636,30,356,133.0,163.0,2.0,8,0,1,0,0,1,0,0,0,1,0,144.00000000000003
5559,137749130,1,31,185.0,192.0,2.5,18,0,0,1,1,0,0,0,0,1,0,56.99999999999998
10745,137757880,0,54,36.0,150.0,1.4,3,0,1,0,0,0,0,1,0,1,0,268.99999999999994
9176,137816210,29,392,95.0,140.0,2.0,7,1,0,0,0,1,0,0,0,1,0,197.99999999999991
6647,135394639,25,177,119.0,158.0,2.0,13,1,0,0,1,0,0,0,0,1,0,111.99999999999994
3295,138132474,11,369,52.0,111.0,0.0,3,0,1,0,0,0,1,0,0,1,0,189.00000000000009
10481,137773401,1,436,83.0,163.0,2.0,4,1,0,0,0,1,0,0,0,1,0,398.9999999999998
10134,134115880,29,405,210.0,140.0,2.0,8,0,1,0,0,1,0,0,0,1,0,115.00000000000003
4720,138071190,28,319,20.0,136.0,1.8,1,0,1,0,0,0,0,1,0,1,0,348.9999999999996
10095,137792367,6,404,4.0,131.0,2.0,1,0,1,0,0,1,0,0,0,0,1,318.00000000000006
2394,138151303,1,214,0.0,170.0,0.0,1,0,0,1,0,0,1,0,0,1,0,348.9999999999996
2252,138154677,16,299,15.0,202.0,2.0,1,1,0,0,0,0,0,1,0,1,0,399.9999999999999
9903,137797224,30,421,25.0,150.0,2.0,2,1,0,0,0,1,0,0,0,1,0,559.9999999999995
6828,137979704,5,32,16.0,111.0,0.0,4,0,1,0,0,0,1,0,0,1,0,158.99999999999997
1979,138164147,28,75,245.0,116.0,2.0,16,0,1,0,0,1,0,0,0,0,1,22.00000000000001
10687,137760538,0,323,16.0,116.0,1.0,1,0,1,0,1,0,0,0,0,1,0,324.9999999999999
3379,138130377,1,8,0.0,224.0,1.5,0,1,0,0,0,0,0,1,0,1,0,397.99999999999983
8354,137845355,1,214,44.0,170.0,0.0,3,0,0,1,0,0,1,0,0,1,0,209.0
7922,137872146,6,400,230.0,110.0,2.2,11,0,1,0,0,1,0,0,0,0,1,100.00000000000003
10616,137764159,30,442,16.0,150.0,2.0,2,0,1,0,0,1,0,0,0,0,1,448.9999999999999
9649,137804795,0,55,151.0,120.0,2.0,6,0,1,0,1,0,0,0,0,1,0,108.99999999999997
7224,137935796,30,421,11.0,235.0,2.0,1,1,0,0,0,1,0,0,0,1,0,629.9999999999999
9219,137815466,28,453,45.0,100.0,1.5,2,0,1,0,0,0,0,1,0,1,0,198.99999999999983
6846,137977154,14,367,44.0,184.0,1.8,6,0,0,1,1,0,0,0,0,1,0,299.0
8423,132111776,14,347,269.0,306.0,5.0,18,0,0,1,1,0,0,0,0,1,0,82.00000000000003
10684,137760563,17,256,30.0,109.0,0.0,4,0,1,0,0,0,1,0,0,1,0,139.9999999999999
9359,137812086,14,431,12.0,190.0,2.3,1,1,0,0,0,1,0,0,0,1,0,468.9999999999997
4489,138078648,30,419,33.0,220.0,2.4,2,1,0,0,0,1,0,0,0,1,0,499.0
5966,138041788,25,177,186.0,147.0,2.0,9,1,0,0,0,1,0,0,0,0,1,104.99999999999991
4962,138065960,14,429,48.0,136.0,2.1,3,1,0,0,0,1,0,0,0,1,0,341.9999999999999
10059,137588431,2,387,260.0,273.0,5.3,18,1,0,0,0,0,0,0,1,1,0,19.999999999999993
10468,137773839,11,374,4.0,136.0,1.6,0,0,1,0,0,1,0,0,0,1,0,488.99999999999983
4506,138069648,29,405,199.0,140.0,2.0,6,1,0,0,0,1,0,0,0,0,1,139.9999999999999
3249,138133710,1,437,71.0,190.0,2.0,4,1,0,0,0,1,0,0,0,1,0,428.9999999999999
3696,138122523,0,56,39.0,190.0,2.0,1,1,0,0,0,1,0,0,0,1,0,559.9999999999995
7919,137876295,0,325,138.0,143.0,2.0,7,1,0,0,0,1,0,0,0,0,1,189.9999999999999
4471,138079020,30,444,62.0,407.0,2.0,3,1,0,0,0,0,0,1,0,1,0,749.0000000000002
6498,138004654,30,420,262.0,200.0,2.4,18,1,0,0,1,0,0,0,0,1,0,19.999999999999993
2098,138162498,6,400,126.0,125.0,2.0,6,1,0,0,0,1,0,0,0,0,1,145.00000000000003
6743,135701008,8,409,171.0,141.0,2.0,14,1,0,0,1,0,0,0,0,0,1,33.0
1072,138202744,0,54,42.0,150.0,1.4,3,0,1,0,0,0,0,1,0,1,0,238.00000000000006
6606,137988980,29,306,188.0,140.0,2.0,11,1,0,0,0,1,0,0,0,0,1,59.99999999999997
6098,138037258,18,220,82.0,110.0,2.0,6,0,1,0,0,1,0,0,0,0,1,145.00000000000003
8181,116818946,17,328,139.0,141.0,2.0,10,0,1,0,1,0,0,0,0,0,1,125.00000000000003
1681,138183545,24,339,13.0,155.0,2.0,4,1,0,0,0,1,0,0,0,1,0,399.9999999999999
10177,137790637,3,84,45.0,99.0,1.6,4,0,1,0,0,1,0,0,0,0,1,125.00000000000003
5109,138063087,17,256,24.0,109.0,0.0,4,0,1,0,0,0,1,0,0,1,0,148.99999999999991
1527,138193689,9,150,8.0,163.0,1.9,1,1,0,0,0,1,0,0,0,1,0,568.9999999999997
7831,137876164,29,405,75.0,180.0,2.0,5,1,0,0,0,1,0,0,0,1,0,234.99999999999983
8773,137818607,28,254,196.0,163.0,3.0,15,1,0,0,0,1,0,0,0,0,1,175.99999999999972
4436,138080939,30,416,55.0,120.0,2.0,3,0,1,0,0,1,0,0,0,0,1,248.99999999999977
10587,132354112,3,99,121.0,90.0,1.6,9,0,1,0,0,1,0,0,0,0,1,34.99999999999999
4063,138104026,15,296,160.0,116.0,2.0,16,0,1,0,1,0,0,0,0,0,1,16.999999999999996
29,138227965,30,420,41.0,181.0,2.0,3,0,1,0,0,1,0,0,0,0,1,358.9999999999998
1947,138170816,28,208,132.0,171.0,3.0,4,1,0,0,0,1,0,0,0,1,0,309.00000000000017
402,90354678,30,418,34.0,215.0,2.4,6,1,0,0,0,0,0,1,0,1,0,293.9999999999998
6371,138014465,29,397,137.0,105.0,2.0,7,0,1,0,0,1,0,0,0,1,0,122.99999999999994
9391,137811228,29,393,18.0,190.0,2.0,1,1,0,0,0,1,0,0,0,1,0,559.9999999999995
8578,137831741,1,31,58.0,313.0,3.0,4,1,0,0,0,1,0,0,0,1,0,568.9999999999997
6631,137988963,29,312,69.0,75.0,1.6,9,0,1,0,0,1,0,0,0,0,1,70.00000000000003
4564,138075224,1,438,54.0,313.0,3.0,5,1,0,0,0,1,0,0,0,1,0,698.9999999999999
7365,137918359,30,441,27.0,247.0,2.0,1,1,0,0,1,0,0,0,0,1,0,619.9999999999999
1607,138191507,7,143,154.0,140.0,2.2,10,1,0,0,0,1,0,0,0,0,1,189.00000000000009
3989,138108837,3,99,86.0,109.0,2.0,14,0,1,0,1,0,0,0,0,1,0,33.0
3245,138133805,19,10,39.0,110.0,1.2,2,0,1,0,1,0,0,0,0,1,0,209.0
956,138205846,17,231,46.0,117.0,1.6,4,0,1,0,1,0,0,0,0,1,0,184.99999999999983
7410,137910051,29,107,107.0,105.0,1.9,9,1,0,0,0,1,0,0,0,0,1,75.99999999999994
10181,137790549,30,444,29.0,320.0,2.0,3,1,0,0,0,0,0,1,0,1,0,780.0000000000002
2108,138161656,14,91,158.0,136.0,2.1,8,0,0,1,0,1,0,0,0,1,0,139.9999999999999
2154,138154719,16,300,264.0,116.0,2.5,13,1,0,0,0,1,0,0,0,0,1,50.00000000000001
8976,137820407,7,143,226.0,140.0,2.2,12,1,0,0,0,1,0,0,0,0,1,69.0
115,138225901,3,233,82.0,122.0,2.0,3,0,1,0,0,1,0,0,0,0,1,198.99999999999983
9716,137802539,19,303,9.0,99.0,1.6,2,0,1,0,0,1,0,0,0,0,1,179.9999999999999
7414,137909385,2,86,207.0,193.0,4.3,19,1,0,0,1,0,0,0,0,1,0,40.00000000000001
4302,138084307,0,54,60.0,150.0,1.4,4,0,1,0,1,0,0,0,0,1,0,324.9999999999999
6757,137980921,14,431,4.0,190.0,2.3,1,1,0,0,0,1,0,0,0,1,0,499.0
1186,138200330,26,383,29.0,90.0,1.2,2,1,0,0,0,0,0,1,0,0,1,240.0000000000001
9893,134475768,17,231,64.0,117.0,1.6,5,0,1,0,1,0,0,0,0,1,0,145.00000000000003
9235,137815151,1,0,130.0,116.0,1.6,7,0,0,1,0,1,0,0,0,0,1,118.9999999999999
406,138179142,30,417,208.0,109.0,1.6,11,0,1,0,0,1,0,0,0,0,1,40.00000000000001
2609,138148358,30,418,61.0,114.0,1.6,5,0,1,0,0,1,0,0,0,0,1,194.99999999999994
575,138214457,1,18,2.0,252.0,2.0,1,0,0,1,0,0,0,1,0,1,0,494.99999999999994
1951,134722640,29,194,166.0,105.0,2.0,11,0,1,0,0,1,0,0,0,1,0,58.00000000000001
1227,138199747,28,453,67.0,100.0,1.5,4,0,1,0,0,0,0,1,0,1,0,149.99999999999986
10669,137757686,23,293,280.0,110.0,2.0,20,0,1,0,0,1,0,0,0,0,1,23.999999999999996
5018,133327639,19,36,59.0,120.0,1.6,4,0,1,0,0,1,0,0,0,0,1,215.0
8673,125792270,1,0,89.0,116.0,1.6,7,0,0,1,0,1,0,0,0,0,1,108.99999999999997
8364,137844759,19,170,6.0,122.0,2.0,1,0,1,0,0,1,0,0,0,0,1,268.99999999999994
215,138223312,8,223,0.0,120.0,0.0,1,0,1,0,0,0,1,0,0,1,0,299.0
9543,137807422,14,80,20.0,170.0,0.0,2,0,1,0,0,0,1,0,0,1,0,255.99999999999994
861,138208070,29,83,105.0,102.0,1.6,15,0,1,0,1,0,0,0,0,0,1,47.99999999999997
912,136451279,6,175,38.0,65.0,1.0,5,0,1,0,1,0,0,0,0,0,1,88.99999999999994
775,138209746,25,177,192.0,125.0,2.0,19,1,0,0,1,0,0,0,0,0,1,23.999999999999996
665,138212304,0,58,45.0,150.0,2.0,2,0,1,0,0,1,0,0,0,1,0,448.9999999999999
3441,138128946,19,12,146.0,90.0,1.6,12,0,1,0,0,1,0,0,0,0,1,48.99999999999996
27,138228047,0,55,114.0,131.0,2.0,12,0,1,0,1,0,0,0,0,1,0,90.00000000000001
9980,137196419,29,392,54.0,150.0,2.0,3,1,0,0,0,1,0,0,0,1,0,435.9999999999999
7934,137868671,6,402,80.0,110.0,2.0,8,0,1,0,0,1,0,0,0,0,1,78.99999999999996
1191,138200341,6,404,11.0,131.0,2.0,2,0,1,0,0,1,0,0,0,1,0,318.00000000000006
8763,137816165,16,299,235.0,201.0,2.0,14,1,0,0,1,0,0,0,0,0,1,46.99999999999998
9998,137794552,17,285,23.0,190.0,2.3,2,1,0,0,0,1,0,0,0,1,0,345.0000000000002
10502,137765670,17,256,42.0,109.0,0.0,4,0,1,0,0,0,1,0,0,1,0,164.99999999999994
862,138208049,1,18,159.0,177.0,2.0,10,1,0,0,0,1,0,0,0,1,0,129.99999999999994
4408,138082061,30,421,15.0,407.0,2.0,1,1,0,0,0,0,0,1,0,1,0,698.9999999999999
7551,137900536,18,71,96.0,90.0,1.4,19,0,1,0,1,0,0,0,0,0,1,15.999999999999991
5275,135117622,29,191,0.0,136.0,0.0,0,0,1,0,0,0,1,0,0,1,0,378.99999999999966
4859,138068942,6,277,46.0,160.0,1.5,4,0,1,0,1,0,0,0,0,0,1,289.99999999999994
6605,137992948,19,303,92.0,90.0,2.0,5,0,1,0,0,1,0,0,0,0,1,75.99999999999994
7092,137940783,29,191,123.0,180.0,2.0,10,0,1,0,0,1,0,0,0,1,0,122.99999999999994
7003,137682505,28,138,57.0,97.0,1.4,16,0,1,0,1,0,0,0,0,0,1,46.99999999999998
7464,137906535,3,84,122.0,75.0,2.0,11,0,1,0,0,1,0,0,0,0,1,26.0
908,138207056,29,107,118.0,69.0,2.0,10,0,1,0,0,1,0,0,0,0,1,59.99999999999997
10714,109800698,29,191,139.0,90.0,1.6,9,0,1,0,0,1,0,0,0,0,1,61.999999999999986
4167,138095439,29,364,261.0,116.0,1.9,16,0,1,0,0,1,0,0,0,0,1,29.999999999999996
2939,138140371,30,418,30.0,235.0,2.4,1,1,0,0,0,0,0,1,0,1,0,460.00000000000006
10208,137789350,12,346,22.0,313.0,3.5,2,1,0,0,0,0,0,1,0,1,0,729.0000000000001
2708,138144584,25,257,185.0,165.0,2.0,13,1,0,0,1,0,0,0,0,1,0,70.00000000000003
11052,137747783,28,208,80.0,171.0,3.0,5,1,0,0,0,1,0,0,0,1,0,272.9999999999999
10729,137758547,30,418,9.0,190.0,2.0,0,0,1,0,0,1,0,0,0,1,0,639.9999999999997
516,138216017,29,191,0.0,136.0,0.0,1,0,1,0,0,0,1,0,0,1,0,340.00000000000006
2829,138143096,29,306,54.0,156.0,1.4,2,0,1,0,1,0,0,0,0,1,0,388.99999999999983
10454,137774527,17,287,25.0,98.0,1.2,5,0,1,0,1,0,0,0,0,0,1,148.99999999999991
3121,138127839,10,433,187.0,156.0,2.1,14,0,1,0,1,0,0,0,0,1,0,50.99999999999999
8664,137824756,29,313,188.0,64.0,1.2,13,0,1,0,1,0,0,0,0,0,1,34.99999999999999
8445,137631314,28,75,143.0,126.0,2.0,9,0,1,0,0,1,0,0,0,0,1,97.99999999999997
8071,137861101,20,49,178.0,319.0,4.7,33,0,0,1,1,0,0,0,0,0,1,121.99999999999997
6240,138016063,6,176,76.0,125.0,1.0,6,0,1,0,1,0,0,0,0,0,1,118.9999999999999
9789,137800230,14,375,17.0,129.0,2.1,6,0,0,1,0,1,0,0,0,0,1,189.9999999999999
3291,138132557,28,73,52.0,136.0,1.8,3,0,1,0,0,0,0,1,0,1,0,237.00000000000003
2462,138145376,13,16,282.0,105.0,1.6,15,0,1,0,1,0,0,0,0,0,1,22.00000000000001
8668,137823878,1,25,69.0,163.0,2.0,4,1,0,0,0,1,0,0,0,1,0,378.99999999999966
7318,137922766,0,57,36.0,177.0,1.8,3,0,1,0,1,0,0,0,0,1,0,314.99999999999983
10121,137791937,8,223,0.0,120.0,0.0,0,0,1,0,0,0,1,0,0,1,0,318.99999999999983
10306,135761854,6,402,49.0,95.0,1.6,5,0,1,0,0,1,0,0,0,0,1,110.99999999999997
9037,137818906,14,188,32.0,420.0,3.0,3,1,0,0,0,0,0,1,0,1,0,745.0000000000002
6005,138040276,18,220,96.0,131.0,2.0,6,0,1,0,0,1,0,0,0,1,0,175.00000000000003
5702,138045616,19,303,100.0,90.0,1.6,5,0,1,0,0,1,0,0,0,1,0,63.99999999999998
4067,138108029,17,256,9.0,150.0,0.0,1,0,1,0,0,0,1,0,0,1,0,324.9999999999999
8356,134356431,30,420,312.0,179.0,2.0,15,0,1,0,1,0,0,0,0,0,1,34.99999999999999
3816,138118747,28,453,10.0,100.0,1.5,1,0,1,0,0,0,0,1,0,1,0,219.0
5638,138051498,30,442,20.0,163.0,2.4,3,1,0,0,0,1,0,0,0,1,0,494.99999999999994
2961,138127009,11,424,11.0,124.0,1.6,5,0,1,0,1,0,0,0,0,1,0,134.99999999999997
3222,138134189,28,453,48.0,100.0,1.5,4,0,1,0,0,0,0,1,0,1,0,168.99999999999997
5548,127821568,29,281,227.0,131.0,2.5,13,1,0,0,0,1,0,0,0,0,1,211.99999999999986
6773,137984249,28,75,130.0,147.0,1.8,10,0,1,0,1,0,0,0,0,1,0,118.9999999999999
2823,138143311,23,333,40.0,90.0,1.2,3,0,1,0,1,0,0,0,0,1,0,170.0
5990,137799166,13,149,9.0,175.0,2.2,1,1,0,0,0,1,0,0,0,1,0,479.99999999999983
10598,137099714,29,191,134.0,110.0,2.0,10,0,1,0,0,1,0,0,0,0,1,78.99999999999996
3801,138119458,23,293,44.0,110.0,2.0,3,1,0,0,0,1,0,0,0,0,1,219.0
10652,137762534,30,416,10.0,152.0,1.5,1,0,1,0,1,0,0,0,0,1,0,358.9999999999998
2814,115787390,6,172,12.0,164.0,6.9,33,1,0,0,0,1,0,0,0,1,0,46.99999999999998
1074,138202802,30,420,72.0,114.0,1.6,6,0,1,0,0,1,0,0,0,0,1,189.9999999999999
8658,137824590,29,397,210.0,105.0,2.0,12,0,1,0,0,1,0,0,0,1,0,41.999999999999986
4769,138070947,17,256,44.0,110.0,0.0,4,0,1,0,0,0,1,0,0,1,0,148.99999999999991
11087,137746885,1,31,117.0,184.0,2.0,7,0,0,1,0,1,0,0,0,1,0,229.00000000000009
689,138208238,20,118,98.0,211.0,3.0,6,1,0,0,0,1,0,0,0,1,0,566.9999999999997
808,135884814,28,334,113.0,136.0,2.2,13,1,0,0,0,1,0,0,0,0,1,74.0
9010,137819506,1,0,84.0,116.0,2.0,4,0,0,1,0,1,0,0,0,0,1,189.00000000000009
6668,137983887,17,432,219.0,140.0,2.0,17,1,0,0,1,0,0,0,0,0,1,19.999999999999993
6501,137990991,1,31,224.0,163.0,2.0,14,0,0,1,0,1,0,0,0,0,1,71.99999999999996
815,138208845,1,436,25.0,190.0,2.0,4,1,0,0,0,1,0,0,0,1,0,458.99999999999983
3872,138117888,17,256,52.0,109.0,0.0,5,0,1,0,0,0,1,0,0,1,0,155.0
8540,137833977,9,150,38.0,163.0,2.5,3,1,0,0,0,1,0,0,0,1,0,464.9999999999998
7501,137754343,0,55,37.0,150.0,2.0,3,0,1,0,0,1,0,0,0,1,0,356.9999999999998
7068,134813111,16,300,222.0,160.0,3.2,16,1,0,0,0,1,0,0,0,1,0,82.00000000000003
945,138206152,29,107,160.0,105.0,2.0,9,1,0,0,0,1,0,0,0,0,1,55.0
3514,138126413,29,191,106.0,110.0,1.6,3,1,0,0,0,1,0,0,0,0,1,209.0
7547,137898018,17,327,158.0,106.0,1.5,12,0,1,0,0,1,0,0,0,0,1,38.99999999999999
4353,138077958,16,251,147.0,87.0,2.5,19,1,0,0,0,1,0,0,0,0,1,31.999999999999975
5099,138063194,14,187,9.0,320.0,2.0,1,1,0,0,0,0,0,1,0,1,0,669.0
5021,138064635,14,128,13.0,122.0,1.6,1,0,1,0,1,0,0,0,0,1,0,378.99999999999966
5618,138047216,14,91,64.0,184.0,2.0,2,1,0,0,1,0,0,0,0,1,0,454.9999999999999
7316,137918218,1,214,38.0,170.0,0.0,5,0,0,1,0,0,1,0,0,1,0,184.99999999999983
2548,138146489,23,293,102.0,150.0,2.0,5,1,0,0,0,1,0,0,0,0,1,189.9999999999999
5161,138059154,3,154,52.0,92.0,1.6,8,0,1,0,0,1,0,0,0,0,1,64.99999999999997
2833,138143094,14,159,192.0,170.0,2.1,10,0,0,1,0,1,0,0,0,1,0,159.99999999999994
8459,137839007,1,31,180.0,231.0,3.0,13,1,0,0,0,1,0,0,0,1,0,168.99999999999997
2875,138142177,28,319,300.0,99.0,1.8,4,0,1,0,0,0,0,1,0,1,0,88.99999999999994
2466,130340534,3,99,108.0,109.0,1.6,14,0,1,0,1,0,0,0,0,1,0,16.999999999999996
485,138216631,29,191,0.0,136.0,0.0,0,0,1,0,0,0,1,0,0,1,0,352.9999999999997
5441,138056569,1,31,177.0,192.0,2.5,15,0,0,1,1,0,0,0,0,1,0,78.0
342,138216435,1,436,130.0,177.0,2.0,12,1,0,0,0,1,0,0,0,1,0,159.99999999999994
3166,138135325,29,412,0.0,82.0,0.0,1,0,1,0,0,0,1,0,0,1,0,178.99999999999983
10008,137794223,17,327,128.0,141.0,2.0,10,1,0,0,1,0,0,0,0,0,1,110.00000000000003
9900,137797328,30,419,73.0,150.0,2.0,3,0,1,0,0,1,0,0,0,1,0,358.9999999999998
84,138226579,28,207,196.0,117.0,2.5,12,1,0,0,0,1,0,0,0,0,1,94.99999999999999
8226,137853938,16,162,7.0,163.0,1.5,1,0,1,0,1,0,0,0,0,0,1,367.9999999999999
1887,138119530,30,415,104.0,114.0,1.6,5,0,1,0,0,1,0,0,0,0,1,133.99999999999997
9213,133801304,29,312,146.0,69.0,1.2,11,0,1,0,1,0,0,0,0,0,1,34.99999999999999
2983,138139343,26,218,24.0,90.0,1.2,3,1,0,0,0,0,0,1,0,0,1,219.0
4733,138052636,0,55,176.0,116.0,1.9,18,0,1,0,0,1,0,0,0,0,1,29.999999999999996
2699,138146453,30,443,97.0,163.0,2.4,8,1,0,0,0,1,0,0,0,1,0,289.99999999999994
480,138216763,18,220,138.0,131.0,2.0,8,0,1,0,0,1,0,0,0,1,0,139.9999999999999
5255,138060468,14,375,5.0,163.0,2.1,1,0,0,1,0,1,0,0,0,1,0,569.9999999999998
953,138205819,7,143,9.0,193.0,1.5,0,1,0,0,1,0,0,0,0,1,0,568.9999999999997
2092,136217139,16,299,66.0,164.0,2.0,5,1,0,0,0,0,0,1,0,1,0,253.00000000000009
9311,95661672,1,18,49.0,184.0,2.0,3,1,0,0,1,0,0,0,0,1,0,438.00000000000017
10062,137792290,11,297,23.0,205.0,2.0,1,0,1,0,0,0,0,1,0,1,0,348.9999999999996
8660,83748801,1,18,74.0,163.0,2.0,6,1,0,0,0,1,0,0,0,1,0,299.9999999999999
7813,101882431,27,274,102.0,367.0,0.0,6,0,0,1,0,0,1,0,0,1,0,385.0000000000001
8906,137821491,18,71,1.0,150.0,1.4,0,0,1,0,1,0,0,0,0,1,0,378.99999999999966
10921,137738138,16,134,169.0,95.0,1.5,12,0,1,0,0,1,0,0,0,0,1,24.99999999999999
11126,137746042,21,238,3.0,60.0,0.0,2,0,1,0,0,0,1,0,0,1,0,229.00000000000009
3644,138123738,0,54,77.0,125.0,1.4,4,0,1,0,1,0,0,0,0,1,0,219.0
9054,137818654,28,73,41.0,136.0,1.8,2,0,1,0,0,0,0,1,0,1,0,279.99999999999983
6713,137983095,19,303,80.0,90.0,1.6,5,0,1,0,0,1,0,0,0,1,0,90.00000000000001
932,138206427,29,191,0.0,136.0,0.0,0,0,1,0,0,0,1,0,0,1,0,349.99999999999983
6251,138025469,30,417,156.0,136.0,2.0,9,0,1,0,0,1,0,0,0,0,1,85.00000000000003
8672,137823089,18,456,189.0,101.0,2.0,12,0,1,0,0,1,0,0,0,0,1,34.000000000000014
7106,127076888,29,191,154.0,105.0,1.9,11,0,1,0,0,1,0,0,0,0,1,50.00000000000001
8270,137846615,30,420,278.0,180.0,2.0,19,0,1,0,1,0,0,0,0,1,0,23.999999999999996
10824,137755292,1,214,32.0,170.0,0.0,4,0,0,1,0,0,1,0,0,1,0,178.99999999999983
3160,138135462,29,412,2.0,82.0,0.0,1,0,1,0,0,0,1,0,0,1,0,178.99999999999983
9201,137815704,0,58,51.0,190.0,2.0,5,0,1,0,0,1,0,0,0,1,0,329.9999999999997
9991,137794619,30,442,72.0,163.0,2.4,3,1,0,0,0,1,0,0,0,1,0,458.99999999999983
8138,137861493,1,436,55.0,163.0,2.0,3,1,0,0,0,1,0,0,0,1,0,458.99999999999983
9665,137804363,29,109,28.0,122.0,2.0,2,1,0,0,0,1,0,0,0,0,1,258.9999999999999
6132,138036453,2,87,5.0,204.0,0.0,2,0,1,0,0,0,1,0,0,1,0,353.9999999999999
531,138215630,16,299,65.0,150.0,2.0,6,1,0,0,1,0,0,0,0,1,0,257.9999999999999
739,138210822,1,31,238.0,218.0,3.0,14,0,0,1,0,1,0,0,0,1,0,98.99999999999994
8931,137821153,0,59,195.0,163.0,2.7,10,1,0,0,0,1,0,0,0,1,0,198.99999999999983
4358,134592519,14,128,110.0,175.0,1.6,5,0,1,0,1,0,0,0,0,1,0,223.99999999999983
5947,138042331,23,293,117.0,105.0,1.6,9,0,1,0,0,1,0,0,0,0,1,98.99999999999994
2233,138155467,23,174,19.0,90.0,1.2,4,0,1,0,1,0,0,0,0,0,1,149.99999999999986
7496,127557422,29,191,135.0,105.0,2.0,7,0,1,0,0,1,0,0,0,0,1,74.99999999999999
1586,138192106,26,428,46.0,140.0,1.4,2,1,0,0,1,0,0,0,0,1,0,309.00000000000017
1192,138195608,30,353,118.0,109.0,2.0,9,0,1,0,0,1,0,0,0,0,1,96.99999999999996
7360,132476288,25,177,32.0,150.0,2.0,1,1,0,0,1,0,0,0,0,1,0,420.99999999999983
6131,138032611,29,191,135.0,102.0,1.6,13,0,1,0,1,0,0,0,0,0,1,34.000000000000014
1889,138174863,28,320,83.0,163.0,2.0,4,0,1,0,0,1,0,0,0,0,1,128.99999999999994
6373,138011778,11,120,149.0,90.0,1.6,8,0,1,0,0,1,0,0,0,0,1,93.00000000000006
9160,137816074,30,420,246.0,185.0,2.4,13,0,1,0,0,1,0,0,0,1,0,50.00000000000001
2629,138148011,17,256,2.0,109.0,0.0,2,0,1,0,0,0,1,0,0,1,0,227.99999999999986
2528,138149628,30,442,52.0,163.0,2.4,2,1,0,0,0,1,0,0,0,1,0,499.99999999999983
4190,138093717,28,78,69.0,68.0,1.0,10,0,1,0,1,0,0,0,0,0,1,44.99999999999998
3719,138121728,8,223,22.0,141.0,1.6,2,0,1,0,0,0,0,1,0,1,0,279.0
2725,138145679,0,325,53.0,163.0,2.0,3,1,0,0,0,1,0,0,0,1,0,419.99999999999983
4055,138108659,19,27,51.0,114.0,1.6,3,1,0,0,0,1,0,0,0,0,1,229.00000000000009
6469,138009667,3,93,31.0,48.0,0.0,4,0,0,1,0,0,1,0,0,1,0,94.99999999999999
4909,138067542,28,90,44.0,122.0,1.8,2,0,1,0,0,0,0,1,0,1,0,318.99999999999983
2119,138161226,29,397,78.0,105.0,1.6,4,0,1,0,0,1,0,0,0,1,0,258.9999999999999
2901,138141383,29,306,45.0,218.0,1.4,3,0,1,0,0,0,0,1,0,1,0,360.0
6755,134862728,17,285,84.0,190.0,2.0,7,1,0,0,0,1,0,0,0,0,1,184.99999999999983
1064,138203217,29,306,52.0,218.0,1.4,2,0,1,0,0,0,0,1,0,1,0,324.9999999999999
5929,138042977,19,303,116.0,90.0,2.0,5,0,1,0,0,1,0,0,0,1,0,50.00000000000001
6665,137988383,28,138,168.0,97.0,1.4,19,0,1,0,1,0,0,0,0,0,1,22.00000000000001
899,138202877,28,207,213.0,102.0,2.5,13,1,0,0,0,1,0,0,0,0,1,97.99999999999997
126,138225534,30,421,13.0,407.0,2.0,1,1,0,0,0,0,0,1,0,1,0,680.0
2819,138143498,17,327,45.0,116.0,1.2,2,0,1,0,1,0,0,0,0,1,0,250.0
4999,138064956,6,277,42.0,120.0,1.5,4,0,1,0,0,1,0,0,0,0,1,268.99999999999994
2768,138140959,6,176,102.0,116.0,1.6,7,0,1,0,0,1,0,0,0,0,1,118.9999999999999
1772,133308237,0,55,247.0,143.0,2.0,10,0,1,0,0,1,0,0,0,0,1,74.99999999999999
1588,138192058,28,78,45.0,69.0,1.0,5,0,1,0,1,0,0,0,0,0,1,108.99999999999997
5576,138053216,29,306,95.0,177.0,2.0,5,1,0,0,0,1,0,0,0,1,0,238.99999999999994
2158,138159409,28,334,198.0,150.0,2.0,15,1,0,0,1,0,0,0,0,1,0,55.0
2053,138164621,17,256,43.0,110.0,0.0,4,0,1,0,0,0,1,0,0,1,0,148.99999999999991
6636,135861771,17,256,20.0,109.0,0.0,3,0,1,0,0,0,1,0,0,1,0,206.99999999999986
1325,138197798,29,397,46.0,150.0,2.0,3,0,1,0,0,1,0,0,0,1,0,378.99999999999966
1443,138194950,3,197,36.0,131.0,1.2,2,0,1,0,1,0,0,0,0,1,0,289.0000000000001
2008,138163737,26,384,102.0,120.0,1.9,11,1,0,0,0,1,0,0,0,0,1,64.99999999999997
833,138208575,28,90,32.0,122.0,1.8,2,0,1,0,0,0,0,1,0,1,0,309.00000000000017
5055,138064071,14,51,41.0,122.0,1.6,4,0,1,0,1,0,0,0,0,1,0,236.00000000000006
6058,138038846,17,432,256.0,136.0,2.2,13,1,0,0,0,1,0,0,0,0,1,48.99999999999996
1419,138195553,8,212,47.0,67.0,1.0,2,0,1,0,1,0,0,0,0,0,1,119.99999999999996
9573,137806714,20,118,121.0,245.0,3.0,5,1,0,0,0,1,0,0,0,1,0,588.9999999999998
7387,135816829,14,262,184.0,204.0,2.0,7,1,0,0,0,1,0,0,0,1,0,353.9999999999999
744,138210596,0,54,41.0,150.0,1.4,2,0,1,0,0,0,0,1,0,1,0,274.0
6024,138039736,30,421,17.0,334.0,2.0,1,1,0,0,0,0,0,1,0,1,0,669.0
6034,138039644,18,430,4.0,145.0,1.6,1,0,1,0,0,1,0,0,0,0,1,349.99999999999983
7915,137876508,19,170,12.0,150.0,2.0,1,1,0,0,0,1,0,0,0,0,1,348.9999999999996
9299,137813777,29,191,22.0,136.0,0.0,1,0,1,0,0,0,1,0,0,1,0,299.0
1584,138192210,0,325,44.0,163.0,2.0,2,1,0,0,0,1,0,0,0,1,0,474.9999999999998
11014,137743128,21,458,36.0,88.0,0.0,3,0,1,0,0,0,1,0,0,1,0,139.0
8464,137838272,3,84,95.0,75.0,1.4,15,0,1,0,1,0,0,0,0,0,1,16.999999999999996
5048,138064121,19,170,7.0,180.0,2.0,1,0,1,0,0,1,0,0,0,1,0,355.0000000000002
7658,137892543,28,75,274.0,116.0,2.0,14,0,1,0,0,1,0,0,0,0,1,29.999999999999996
3748,125490651,6,402,45.0,95.0,2.0,5,0,1,0,0,1,0,0,0,0,1,160.99999999999994
9445,137809638,14,188,81.0,420.0,3.0,3,1,0,0,0,0,0,1,0,1,0,688.9999999999997
1484,82795219,15,137,120.0,163.0,1.6,17,0,1,0,1,0,0,0,0,0,1,18.000000000000014
3356,133332740,19,4,104.0,68.0,1.0,11,0,1,0,1,0,0,0,0,0,1,50.99999999999999
4580,138074743,1,435,5.0,190.0,2.0,1,1,0,0,0,1,0,0,0,1,0,618.9999999999998
9055,137809553,9,150,126.0,163.0,3.0,10,1,0,0,0,1,0,0,0,1,0,98.99999999999994
6039,138039454,18,71,32.0,105.0,1.0,3,0,1,0,1,0,0,0,0,0,1,168.99999999999997
7338,137887164,19,11,128.0,68.0,1.0,12,0,1,0,0,1,0,0,0,0,1,16.999999999999996
3502,138119370,28,73,68.0,136.0,1.8,6,0,1,0,0,0,0,1,0,1,0,158.0
9542,137807429,14,128,2.0,184.0,2.0,1,1,0,0,1,0,0,0,0,1,0,538.9999999999999
9967,137795114,11,374,78.0,116.0,1.7,5,0,1,0,0,1,0,0,0,0,1,179.9999999999999
9337,137812640,28,453,16.0,100.0,1.5,2,0,1,0,0,0,0,1,0,1,0,209.0
10312,137784326,28,78,58.0,68.0,1.0,7,0,1,0,1,0,0,0,0,1,0,64.99999999999997
8276,137849743,13,149,102.0,150.0,2.2,4,1,0,0,0,1,0,0,0,0,1,240.0000000000001
6619,135615432,1,18,110.0,177.0,2.0,11,0,0,1,0,1,0,0,0,1,0,179.9999999999999
2306,138153187,13,148,18.0,120.0,2.0,1,0,1,0,1,0,0,0,0,1,0,289.0000000000001
8644,137824173,19,20,165.0,90.0,1.6,12,0,1,0,0,1,0,0,0,0,1,23.999999999999996
6317,119276031,1,0,95.0,136.0,1.6,7,0,0,1,1,0,0,0,0,0,1,144.00000000000003
6588,137997934,0,54,175.0,105.0,1.9,14,0,1,0,0,1,0,0,0,0,1,52.0
1290,138198611,25,452,25.0,114.0,1.6,2,1,0,0,1,0,0,0,0,1,0,310.00000000000006
2931,137747313,13,16,141.0,116.0,1.6,7,0,1,0,0,1,0,0,0,0,1,71.99999999999996
335,138220499,18,456,203.0,101.0,1.6,14,0,1,0,1,0,0,0,0,0,1,29.999999999999996
9840,137798981,1,31,213.0,177.0,2.0,9,0,0,1,0,1,0,0,0,1,0,129.99999999999994
2798,138143927,30,356,59.0,150.0,2.0,3,0,1,0,0,1,0,0,0,1,0,289.0000000000001
4317,138083857,19,89,140.0,120.0,2.2,12,0,1,0,0,1,0,0,0,0,1,61.00000000000002
1324,138197806,6,235,115.0,69.0,1.2,9,0,1,0,1,0,0,0,0,0,1,38.99999999999999
10809,137755990,0,54,38.0,116.0,1.0,2,0,1,0,1,0,0,0,0,1,0,238.99999999999994
4069,138107923,1,18,2.0,252.0,2.0,1,0,0,1,0,0,0,1,0,1,0,438.9999999999998
3438,138129003,1,438,111.0,245.0,3.0,6,1,0,0,0,1,0,0,0,1,0,458.99999999999983
8299,137843817,1,0,84.0,136.0,1.6,6,0,0,1,1,0,0,0,0,0,1,158.99999999999997
4288,137022024,28,73,113.0,90.0,1.0,12,0,1,0,0,1,0,0,0,0,1,59.99999999999997
7638,137891538,0,54,156.0,102.0,1.6,14,0,1,0,1,0,0,0,0,1,0,46.99999999999998
2346,138152232,28,453,74.0,99.0,1.3,7,0,1,0,1,0,0,0,0,1,0,98.99999999999994
3105,138136482,1,40,103.0,449.0,4.0,9,0,0,1,1,0,0,0,0,1,0,289.0000000000001
8613,137829914,19,12,184.0,90.0,1.6,10,0,1,0,0,1,0,0,0,0,1,26.0
1400,138195965,14,429,71.0,136.0,2.1,6,0,0,1,0,1,0,0,0,0,1,179.9999999999999
9024,137818780,28,454,165.0,75.0,1.4,15,0,1,0,0,1,0,0,0,0,1,15.999999999999991
7677,137885864,29,191,204.0,105.0,1.6,8,0,1,0,0,1,0,0,0,0,1,64.99999999999997
8694,129448877,2,387,185.0,290.0,5.0,16,1,0,0,1,0,0,0,0,1,0,111.99999999999994
10866,137753403,27,274,98.0,367.0,0.0,5,0,0,1,0,0,1,0,0,1,0,409.99999999999994
5803,138046690,17,256,60.0,109.0,0.0,5,0,1,0,0,0,1,0,0,1,0,158.99999999999997
6254,138025406,30,442,43.0,190.0,2.4,2,1,0,0,0,1,0,0,0,1,0,549.0
11003,137748946,0,54,46.0,150.0,1.4,4,0,1,0,0,0,0,1,0,1,0,229.9999999999999
6261,138018391,29,412,30.0,82.0,0.0,5,0,1,0,0,0,1,0,0,1,0,134.99999999999997
1205,138200124,29,306,243.0,105.0,1.6,8,0,1,0,0,1,0,0,0,0,1,79.99999999999994
9760,137796932,28,75,165.0,129.0,2.0,12,0,1,0,1,0,0,0,0,0,1,41.999999999999986
5442,138056540,14,429,58.0,114.0,1.6,4,0,1,0,0,1,0,0,0,0,1,198.99999999999983
258,138222229,23,241,15.0,150.0,2.0,1,1,0,0,0,1,0,0,0,1,0,488.99999999999983
4820,138069697,28,334,67.0,151.0,2.0,6,1,0,0,1,0,0,0,0,1,0,299.0
7725,137874951,23,295,79.0,184.0,2.0,4,1,0,0,0,1,0,0,0,1,0,314.99999999999983
6134,138036263,21,129,131.0,58.0,1.1,15,0,1,0,1,0,0,0,0,0,1,16.999999999999996
10152,137791256,29,191,121.0,110.0,2.0,10,0,1,0,0,1,0,0,0,0,1,78.99999999999996
8412,137841425,30,415,44.0,120.0,2.0,2,0,1,0,0,1,0,0,0,1,0,274.99999999999994
5044,138064186,28,78,17.0,69.0,1.0,4,0,1,0,1,0,0,0,0,0,1,118.9999999999999
1094,138202334,17,256,69.0,109.0,0.0,5,0,1,0,0,0,1,0,0,1,0,134.99999999999997
819,136267152,17,256,26.0,109.0,0.0,3,0,1,0,0,0,1,0,0,1,0,209.0
7181,137933540,30,442,105.0,163.0,2.4,7,1,0,0,0,1,0,0,0,1,0,302.99999999999994
75,138226768,11,374,77.0,136.0,2.0,5,1,0,0,0,1,0,0,0,0,1,220.00000000000006
2256,138154584,1,214,0.0,170.0,0.0,0,0,0,1,0,0,1,0,0,1,0,378.99999999999966
4793,138070383,14,51,85.0,109.0,1.8,6,0,1,0,0,1,0,0,0,1,0,168.99999999999997
3032,138138157,13,148,105.0,120.0,2.0,4,0,1,0,1,0,0,0,0,1,0,189.9999999999999
1024,138204244,0,58,280.0,179.0,3.0,13,1,0,0,0,1,0,0,0,1,0,26.0
5531,138052940,25,219,36.0,114.0,1.6,5,1,0,0,1,0,0,0,0,1,0,184.99999999999983
3652,138123545,0,59,76.0,211.0,3.0,4,1,0,0,0,1,0,0,0,1,0,484.9999999999997
6623,137995451,1,40,153.0,333.0,4.0,17,0,0,1,1,0,0,0,0,1,0,74.0
10098,137584969,11,374,98.0,136.0,2.0,6,1,0,0,0,1,0,0,0,0,1,168.99999999999997
9296,137813739,6,277,135.0,116.0,2.0,9,0,1,0,0,1,0,0,0,0,1,98.99999999999994
10612,137764329,28,334,47.0,151.0,2.0,4,1,0,0,1,0,0,0,0,1,0,340.00000000000006
2124,138160975,14,159,113.0,170.0,2.1,6,0,0,1,0,1,0,0,0,1,0,244.99999999999994
8213,137851235,23,332,84.0,105.0,1.6,6,0,1,0,0,1,0,0,0,0,1,100.00000000000003
2539,138149549,14,429,32.0,136.0,2.1,6,0,0,1,0,1,0,0,0,1,0,166.00000000000006
600,138213757,11,374,94.0,116.0,1.7,7,0,1,0,0,1,0,0,0,0,1,178.99999999999983
4136,138102299,0,324,105.0,140.0,2.0,5,1,0,0,0,1,0,0,0,0,1,238.99999999999994
11097,137746728,11,120,5.0,140.0,1.4,0,0,1,0,1,0,0,0,0,1,0,328.9999999999998
2522,138149485,30,418,116.0,114.0,1.6,6,0,1,0,0,1,0,0,0,1,0,179.9999999999999
8096,137864156,29,109,11.0,122.0,2.0,1,1,0,0,0,1,0,0,0,0,1,299.9999999999999
8485,99555739,0,59,183.0,180.0,2.7,12,1,0,0,0,1,0,0,0,1,0,128.99999999999994
3789,138119703,29,191,1.0,136.0,0.0,0,0,1,0,0,0,1,0,0,1,0,360.0
9764,137800928,1,18,64.0,136.0,2.0,7,0,0,1,0,1,0,0,0,1,0,209.0
7382,137912629,30,417,220.0,109.0,1.6,12,0,1,0,0,1,0,0,0,0,1,34.99999999999999
4057,138107928,18,140,71.0,90.0,1.4,12,0,1,0,1,0,0,0,0,0,1,44.99999999999998
7208,137936048,30,441,1.0,190.0,2.0,1,1,0,0,0,1,0,0,0,1,0,529.9999999999997
8401,137842035,1,438,32.0,313.0,2.0,2,1,0,0,0,0,0,1,0,1,0,724.9999999999998
4135,133014267,14,91,65.0,279.0,2.0,3,0,0,1,0,0,0,1,0,1,0,379.9999999999999
8298,137822165,14,159,210.0,143.0,2.2,18,0,0,1,0,1,0,0,0,1,0,34.99999999999999
6566,137996216,29,191,41.0,115.0,0.0,2,0,1,0,0,0,1,0,0,1,0,229.9999999999999
4971,138065605,30,443,81.0,181.0,2.4,4,1,0,0,0,1,0,0,0,1,0,438.9999999999998
3494,138102414,30,420,131.0,109.0,2.0,8,0,1,0,0,1,0,0,0,0,1,114.00000000000001
10058,137793023,7,126,95.0,120.0,1.6,6,0,1,0,0,1,0,0,0,0,1,128.99999999999994
6967,137965487,14,159,52.0,252.0,3.0,5,1,0,0,0,1,0,0,0,1,0,499.0
4005,138108344,23,293,185.0,140.0,2.0,8,1,0,0,0,1,0,0,0,1,0,108.99999999999997
348,138220109,29,191,12.0,110.0,1.6,3,0,1,0,0,1,0,0,0,1,0,209.0
2902,138141406,14,80,42.0,180.0,0.0,3,0,1,0,0,0,1,0,0,1,0,229.00000000000009
9158,137816621,28,453,41.0,100.0,1.5,4,0,1,0,0,0,0,1,0,1,0,155.0
2288,138153707,23,293,2.0,190.0,2.0,0,1,0,0,1,0,0,0,0,1,0,479.99999999999983
8509,137823240,8,360,311.0,155.0,2.2,10,1,0,0,0,1,0,0,0,1,0,28.999999999999993
6191,134360943,17,327,46.0,131.0,2.0,5,1,0,0,0,1,0,0,0,0,1,240.0000000000001
11130,135163162,16,300,196.0,170.0,3.0,12,1,0,0,0,1,0,0,0,1,0,234.0
10565,137767654,28,334,125.0,150.0,2.2,6,1,0,0,0,1,0,0,0,1,0,268.99999999999994
10054,137793080,14,187,10.0,204.0,2.0,1,1,0,0,0,1,0,0,0,1,0,838.9999999999992
142,138225030,0,54,47.0,110.0,1.6,2,0,1,0,0,1,0,0,0,0,1,229.9999999999999
4442,138080717,30,442,55.0,163.0,2.4,2,1,0,0,0,1,0,0,0,1,0,525.0
4425,138080322,0,351,168.0,265.0,2.0,10,1,0,0,1,0,0,0,0,1,0,232.99999999999994
7439,137908526,27,274,21.0,420.0,0.0,1,1,0,0,0,0,1,0,0,1,0,629.9999999999999
4496,138078537,30,418,10.0,190.0,2.0,0,0,1,0,0,1,0,0,0,1,0,629.0000000000001
3914,134940967,0,326,197.0,232.0,3.0,12,1,0,0,0,1,0,0,0,1,0,217.99999999999991
4763,137945383,29,191,142.0,140.0,2.0,10,0,1,0,0,1,0,0,0,0,1,94.00000000000001
10837,137754747,30,418,54.0,120.0,2.0,1,0,1,0,0,1,0,0,0,1,0,358.9999999999998
7932,137875458,29,107,105.0,110.0,2.0,4,1,0,0,0,1,0,0,0,0,1,133.99999999999997
774,124630110,27,274,145.0,422.0,0.0,6,0,0,1,0,0,1,0,0,1,0,399.9999999999999
7513,137905118,30,442,44.0,163.0,2.4,3,1,0,0,0,1,0,0,0,1,0,454.9999999999999
9236,137793648,6,92,21.0,116.0,2.0,8,0,1,0,0,1,0,0,0,1,0,128.99999999999994
265,138222062,28,78,20.0,69.0,1.0,3,0,1,0,1,0,0,0,0,0,1,134.99999999999997
297,138221591,30,442,74.0,163.0,2.4,3,1,0,0,0,1,0,0,0,1,0,468.9999999999997
5818,138046297,30,418,50.0,231.0,2.4,3,1,0,0,0,0,0,1,0,1,0,338.9999999999996
1803,138176003,29,191,153.0,150.0,2.0,3,1,0,0,0,1,0,0,0,0,1,170.0
8432,137836023,29,191,200.0,105.0,1.6,9,0,1,0,0,1,0,0,0,0,1,63.99999999999998
4372,138076536,6,175,142.0,69.0,1.4,8,0,1,0,0,1,0,0,0,0,1,47.99999999999997
6181,87331207,1,31,240.0,177.0,2.5,15,0,0,1,0,1,0,0,0,1,0,71.99999999999996
10803,129062825,29,306,212.0,140.0,2.0,6,0,1,0,0,1,0,0,0,0,1,103.00000000000003
4099,138100186,23,382,59.0,180.0,2.0,3,0,1,0,1,0,0,0,0,1,0,369.9999999999999
4182,138094194,3,84,82.0,90.0,1.6,7,0,1,0,0,1,0,0,0,0,1,79.99999999999994
1886,134224484,0,54,78.0,125.0,1.0,9,0,1,0,1,0,0,0,0,0,1,108.99999999999997
10281,107693747,17,256,44.0,109.0,0.0,3,0,1,0,0,0,1,0,0,1,0,198.99999999999983
9115,137817446,19,22,59.0,116.0,1.6,5,0,1,0,0,1,0,0,0,0,1,145.00000000000003
10371,137772347,21,458,18.0,88.0,0.0,3,0,1,0,0,0,1,0,0,1,0,168.99999999999997
1364,138196875,23,244,23.0,190.0,2.0,1,1,0,0,0,1,0,0,0,1,0,589.9999999999997
9986,137794802,13,16,81.0,109.0,1.6,10,0,1,0,0,1,0,0,0,0,1,70.00000000000003
8847,137822577,28,75,112.0,126.0,2.0,8,0,1,0,0,1,0,0,0,0,1,139.0
6333,134869139,30,443,115.0,163.0,2.4,9,1,0,0,0,1,0,0,0,1,0,241.99999999999991
10672,137761336,30,418,9.0,231.0,2.4,1,1,0,0,0,0,0,1,0,1,0,438.9999999999998
10935,137751186,29,312,29.0,110.0,1.2,3,0,1,0,1,0,0,0,0,1,0,199.9999999999999
10343,137782042,14,51,32.0,122.0,1.6,3,0,1,0,1,0,0,0,0,1,0,238.99999999999994
4600,138074268,19,22,26.0,150.0,2.0,4,0,1,0,0,1,0,0,0,1,0,234.0
3158,138135491,29,412,22.0,60.0,1.0,3,0,1,0,1,0,0,0,0,0,1,118.9999999999999
3483,138123241,0,59,131.0,204.0,3.0,6,1,0,0,0,1,0,0,0,1,0,342.9999999999998
8088,137864313,28,208,95.0,144.0,2.5,6,1,0,0,0,1,0,0,0,0,1,238.99999999999994
3929,138116421,18,71,17.0,150.0,1.4,1,0,1,0,1,0,0,0,0,1,0,318.99999999999983
3895,138117147,23,382,80.0,170.0,2.0,4,1,0,0,0,1,0,0,0,1,0,328.9999999999998
1354,138197095,19,303,97.0,75.0,1.6,6,0,1,0,0,1,0,0,0,0,1,70.00000000000003
9169,134717998,14,429,296.0,150.0,2.1,13,1,0,0,0,1,0,0,0,0,1,48.99999999999996
3332,138044668,0,56,92.0,177.0,2.0,4,1,0,0,0,1,0,0,0,1,0,318.99999999999983
9890,137795221,29,114,146.0,131.0,2.5,15,0,1,0,0,1,0,0,0,1,0,155.0
6242,137231585,11,120,66.0,100.0,1.4,5,0,1,0,1,0,0,0,0,0,1,139.0
5495,138055224,1,18,290.0,150.0,2.0,17,0,0,1,0,1,0,0,0,1,0,19.999999999999993
855,135647154,6,175,91.0,80.0,1.0,5,0,1,0,1,0,0,0,0,0,1,78.99999999999996
5040,67440701,16,250,270.0,167.0,2.5,10,1,0,0,0,1,0,0,0,0,1,93.00000000000006
5371,138058327,17,256,38.0,109.0,0.0,4,0,1,0,0,0,1,0,0,1,0,158.99999999999997
10552,137768400,11,369,14.0,111.0,0.0,1,0,1,0,0,0,1,0,0,1,0,264.9999999999997
8106,132558768,26,201,130.0,106.0,1.6,10,1,0,0,1,0,0,0,0,0,1,72.99999999999996
1610,132463344,21,129,96.0,58.0,1.2,17,0,1,0,1,0,0,0,0,0,1,18.999999999999993
2677,138141847,23,174,101.0,69.0,1.2,11,0,1,0,1,0,0,0,0,0,1,47.99999999999997
7583,137898152,28,207,260.0,102.0,2.5,16,1,0,0,0,1,0,0,0,0,1,68.00000000000001
388,138218932,29,405,120.0,140.0,2.0,7,1,0,0,0,1,0,0,0,0,1,209.99999999999972
9806,137799791,30,420,38.0,181.0,2.0,3,0,1,0,0,1,0,0,0,0,1,345.0000000000002
6831,137972978,1,18,166.0,177.0,2.0,11,1,0,0,0,1,0,0,0,0,1,168.99999999999997
5397,138057712,29,392,78.0,140.0,2.0,4,1,0,0,0,1,0,0,0,1,0,328.0000000000001
6940,137951731,1,18,89.0,122.0,1.6,11,0,0,1,1,0,0,0,0,0,1,90.00000000000001
7101,92028299,17,309,88.0,190.0,2.5,5,1,0,0,0,1,0,0,0,1,0,254.9999999999999
10689,137760507,28,208,314.0,75.0,2.0,13,1,0,0,0,1,0,0,0,0,1,27.99999999999999
4401,138082394,29,191,56.0,122.0,1.4,4,0,1,0,1,0,0,0,0,1,0,219.0
10292,137786105,30,418,15.0,288.0,2.4,1,1,0,0,0,0,0,1,0,1,0,483.99999999999994
1845,131838550,17,310,334.0,129.0,2.8,20,1,0,0,0,1,0,0,0,0,1,66.99999999999996
1615,138191365,19,29,221.0,136.0,2.0,12,0,1,0,0,1,0,0,0,0,1,50.00000000000001
630,138213001,14,429,221.0,163.0,2.1,8,1,0,0,0,1,0,0,0,1,0,129.99999999999994
3073,138137134,29,191,26.0,115.0,0.0,3,0,1,0,0,0,1,0,0,1,0,199.9999999999999
7056,137953501,19,89,94.0,131.0,2.2,6,0,1,0,0,1,0,0,0,0,1,159.99999999999994
5087,138058568,29,191,121.0,105.0,2.0,9,0,1,0,0,1,0,0,0,0,1,88.99999999999994
6231,120398743,6,92,125.0,116.0,1.6,7,0,1,0,0,1,0,0,0,0,1,119.99999999999996
3713,138117199,1,31,152.0,216.0,2.0,11,0,0,1,0,1,0,0,0,1,0,119.99999999999996
10385,137779041,0,61,252.0,260.0,3.1,12,1,0,0,1,0,0,0,0,1,0,181.99999999999994
10917,137751483,13,37,129.0,125.0,2.2,9,0,1,0,0,1,0,0,0,0,1,74.99999999999999
8006,132207608,14,159,200.0,170.0,2.1,12,0,0,1,0,1,0,0,0,1,0,83.99999999999994
10317,101549207,0,55,303.0,200.0,2.0,13,1,0,0,1,0,0,0,0,1,0,41.0
7257,137850665,29,306,285.0,140.0,2.0,13,0,1,0,0,1,0,0,0,0,1,40.00000000000001
10736,128614343,22,46,227.0,150.0,2.0,13,0,1,0,1,0,0,0,0,1,0,36.99999999999999
1041,138203698,29,191,4.0,136.0,0.0,1,0,1,0,0,0,1,0,0,1,0,309.00000000000017
5185,138058440,6,400,260.0,140.0,2.4,8,0,0,1,0,1,0,0,0,0,1,146.99999999999997
8029,135781221,1,40,260.0,218.0,3.0,16,0,0,1,0,1,0,0,0,1,0,86.99999999999997
8611,137827181,19,303,152.0,75.0,2.0,11,0,1,0,0,1,0,0,0,0,1,22.00000000000001
6378,118438499,17,256,108.0,109.0,0.0,6,0,1,0,0,0,1,0,0,1,0,90.00000000000001
6639,137988833,30,443,193.0,200.0,2.4,18,1,0,0,1,0,0,0,0,1,0,52.0
9529,137807609,7,126,4.0,129.0,1.0,2,0,1,0,1,0,0,0,0,0,1,229.9999999999999
10678,137757530,17,256,45.0,109.0,0.0,4,0,1,0,0,0,1,0,0,1,0,164.99999999999994
969,138205520,18,456,194.0,120.0,1.9,11,0,1,0,0,1,0,0,0,1,0,40.00000000000001
3791,138119737,29,192,24.0,184.0,2.0,2,1,0,0,0,1,0,0,0,1,0,368.9999999999999
3779,135189470,29,312,304.0,75.0,2.0,23,0,1,0,1,0,0,0,0,0,1,15.999999999999991
4862,137571332,1,31,161.0,218.0,3.0,15,0,0,1,0,1,0,0,0,1,0,128.99999999999994
1279,138198891,14,429,125.0,150.0,2.1,11,1,0,0,0,1,0,0,0,1,0,128.99999999999994
6505,137999252,29,306,194.0,140.0,2.0,13,0,1,0,0,1,0,0,0,1,0,44.99999999999998
9956,137795839,0,376,131.0,313.0,3.0,5,1,0,0,0,1,0,0,0,1,0,549.9999999999997
4041,138108738,16,300,301.0,165.0,3.2,18,1,0,0,0,1,0,0,0,1,0,59.00000000000001
8898,137821690,6,400,22.0,170.0,2.0,2,0,1,0,0,1,0,0,0,0,1,337.9999999999998
1839,137992865,13,37,38.0,175.0,2.2,2,0,1,0,0,1,0,0,0,1,0,355.99999999999983
864,138207964,30,444,14.0,235.0,2.0,2,1,0,0,0,1,0,0,0,1,0,840.0
9875,135557063,29,392,242.0,140.0,2.0,9,1,0,0,0,1,0,0,0,0,1,82.99999999999999
5232,138060936,18,220,68.0,163.0,2.0,5,1,0,0,0,1,0,0,0,1,0,289.99999999999994
1989,138163575,28,453,110.0,69.0,1.0,11,0,1,0,1,0,0,0,0,0,1,40.00000000000001
7405,137911996,18,278,226.0,145.0,2.0,8,0,1,0,0,1,0,0,0,0,1,78.99999999999996
8981,137820214,1,214,9.0,170.0,0.0,2,0,0,1,0,0,1,0,0,1,0,293.9999999999998
9627,137805539,21,271,25.0,132.0,1.2,2,0,1,0,1,0,0,0,0,1,0,289.0000000000001
1973,138169352,16,299,60.0,204.0,0.0,3,1,0,0,0,0,0,1,0,1,0,338.9999999999996
8231,137853852,6,236,0.0,86.0,1.2,1,0,1,0,1,0,0,0,0,0,1,179.9999999999999
1499,138194086,19,27,110.0,114.0,1.6,7,1,0,0,0,1,0,0,0,0,1,168.99999999999997
9314,137812275,1,18,190.0,150.0,2.0,13,0,0,1,1,0,0,0,0,0,1,29.999999999999996
5961,138041932,6,165,13.0,210.0,2.0,1,1,0,0,0,1,0,0,0,1,0,678.9999999999997
1969,138169638,23,382,8.0,190.0,2.0,1,1,0,0,0,1,0,0,0,1,0,579.0000000000002
11041,116978364,29,191,54.0,110.0,1.2,4,0,1,0,1,0,0,0,0,1,0,167.99999999999986
4470,138079108,28,75,129.0,126.0,2.0,8,0,1,0,0,1,0,0,0,0,1,110.00000000000003
7431,137909887,18,135,192.0,75.0,1.0,12,0,1,0,0,1,0,0,0,0,1,19.999999999999993
9989,137794775,30,442,60.0,163.0,2.4,3,1,0,0,0,1,0,0,0,1,0,468.9999999999997
10151,137791295,28,453,60.0,100.0,1.5,4,0,1,0,0,0,0,1,0,1,0,158.99999999999997
578,138214371,1,437,2.0,190.0,2.0,1,1,0,0,0,1,0,0,0,1,0,718.9999999999998
6798,137976705,3,84,48.0,90.0,1.6,6,0,1,0,0,1,0,0,0,0,1,95.99999999999994
2866,138135593,1,31,12.0,340.0,3.0,1,1,0,0,1,0,0,0,0,1,0,898.9999999999994
7051,128874320,16,299,148.0,140.0,2.0,11,1,0,0,0,1,0,0,0,0,1,108.99999999999997
9308,137415155,17,256,41.0,109.0,0.0,5,0,1,0,0,0,1,0,0,1,0,138.00000000000006
6405,135964737,0,55,202.0,140.0,2.0,14,0,1,0,0,1,0,0,0,0,1,40.00000000000001
5049,138064091,19,10,54.0,92.0,1.6,5,0,1,0,0,1,0,0,0,1,0,145.00000000000003
2036,138154022,28,139,187.0,129.0,1.8,13,0,1,0,1,0,0,0,0,0,1,59.99999999999997
9200,137815739,30,442,76.0,163.0,2.4,6,1,0,0,0,1,0,0,0,1,0,368.9999999999999
6185,138022529,29,191,53.0,204.0,1.4,3,0,1,0,0,0,0,1,0,1,0,246.00000000000003
11040,137696574,29,83,150.0,116.0,2.0,20,0,1,0,1,0,0,0,0,0,1,16.999999999999996
8003,137871126,6,176,16.0,61.0,0.0,2,0,1,0,0,0,1,0,0,0,1,229.9999999999999
7666,133564823,30,356,99.0,150.0,1.6,6,0,1,0,1,0,0,0,0,0,1,189.9999999999999
9916,128852103,24,336,225.0,165.0,3.0,12,1,0,0,0,1,0,0,0,1,0,78.99999999999996
6199,138026392,19,303,128.0,90.0,2.0,10,0,1,0,0,1,0,0,0,0,1,59.99999999999997
8008,137870851,18,71,132.0,110.0,1.7,11,0,1,0,0,1,0,0,0,0,1,44.99999999999998
827,138208605,30,415,72.0,114.0,1.6,5,0,1,0,0,1,0,0,0,0,1,129.99999999999994
121,138225722,13,149,95.0,150.0,2.2,3,1,0,0,0,1,0,0,0,0,1,270.0000000000001
777,134344008,1,31,160.0,231.0,3.0,14,1,0,0,0,1,0,0,0,1,0,151.99999999999997
5205,138061299,30,415,23.0,152.0,2.0,2,0,1,0,1,0,0,0,0,0,1,299.0
2011,138166480,1,214,73.0,170.0,0.0,4,0,1,0,0,0,1,0,0,1,0,168.99999999999997
1696,136247004,23,125,38.0,75.0,1.0,5,0,1,0,1,0,0,0,0,1,0,82.00000000000003
1916,138172956,23,293,108.0,105.0,1.6,7,0,1,0,0,1,0,0,0,0,1,115.00000000000003
9300,137800153,29,191,84.0,105.0,2.0,12,0,1,0,0,1,0,0,0,0,1,50.00000000000001
9442,137809879,14,127,167.0,170.0,2.0,5,0,1,0,0,1,0,0,0,1,0,202.0
4935,138066629,29,191,86.0,116.0,0.0,4,0,1,0,0,0,1,0,0,1,0,170.0
3903,138117002,30,416,47.0,120.0,2.0,3,0,1,0,0,1,0,0,0,1,0,248.99999999999977
7573,137895614,17,256,71.0,109.0,0.0,7,0,1,0,0,0,1,0,0,1,0,88.99999999999994
7861,137875587,29,397,185.0,101.0,2.0,15,0,1,0,0,1,0,0,0,0,1,22.00000000000001
8610,133717025,14,189,118.0,170.0,2.0,6,1,0,0,0,1,0,0,0,1,0,319.9999999999997
7421,134941431,17,327,92.0,110.0,1.5,6,0,1,0,0,1,0,0,0,0,1,136.00000000000003
9178,137816121,16,72,95.0,116.0,1.8,8,1,0,0,0,1,0,0,0,0,1,134.99999999999997
8674,137825996,14,91,122.0,143.0,2.1,15,0,0,1,0,1,0,0,0,1,0,83.99999999999994
7746,137880741,2,365,27.0,360.0,5.0,2,1,0,0,1,0,0,0,0,1,0,647.0000000000003
11147,137745439,30,420,321.0,163.0,2.4,11,0,1,0,0,1,0,0,0,1,0,78.99999999999996
5108,138058299,29,191,194.0,102.0,1.6,15,0,1,0,1,0,0,0,0,0,1,30.999999999999996
8328,137847367,1,8,10.0,224.0,1.5,1,1,0,0,0,0,0,1,0,1,0,385.0000000000001
9693,137799478,2,365,290.0,240.0,6.0,30,1,0,0,1,0,0,0,0,1,0,168.99999999999997
6508,138001534,28,138,221.0,97.0,1.4,17,0,1,0,1,0,0,0,0,0,1,18.000000000000014
7792,133238997,1,18,123.0,163.0,2.0,9,1,0,0,0,1,0,0,0,0,1,133.0
3949,132373181,29,281,61.0,204.0,2.0,3,1,0,0,0,1,0,0,0,1,0,540.0
11090,137746839,13,148,52.0,150.0,2.0,4,1,0,0,1,0,0,0,0,1,0,258.9999999999999
7992,137871701,17,256,10.0,122.0,0.0,1,0,1,0,0,0,1,0,0,1,0,299.0
9444,137809721,13,149,102.0,150.0,2.2,5,1,0,0,0,1,0,0,0,1,0,258.9999999999999
3485,138127522,29,405,174.0,114.0,2.0,6,0,1,0,0,1,0,0,0,0,1,98.99999999999994
2101,138162209,29,191,3.0,136.0,0.0,0,0,1,0,0,0,1,0,0,1,0,367.9999999999999
9508,137699279,17,256,10.0,150.0,0.0,1,0,1,0,0,0,1,0,0,1,0,299.0
10115,137792033,8,223,0.0,120.0,0.0,0,0,1,0,0,0,1,0,0,1,0,318.99999999999983
8019,137865395,20,118,103.0,239.0,3.0,8,1,0,0,0,1,0,0,0,1,0,433.99999999999994
5151,138062102,19,33,151.0,111.0,1.6,8,0,1,0,0,1,0,0,0,1,0,85.00000000000003
3761,138066693,0,54,7.0,204.0,1.0,2,0,1,0,0,0,0,1,0,1,0,250.0
7690,137884783,17,242,180.0,83.0,2.0,21,1,0,0,0,1,0,0,0,0,1,41.999999999999986
5380,138058180,28,138,208.0,90.0,1.4,12,0,1,0,0,1,0,0,0,0,1,28.999999999999993
5218,137798908,28,78,54.0,68.0,1.0,7,0,1,0,1,0,0,0,0,0,1,59.00000000000001
9735,137801941,0,58,123.0,136.0,2.0,10,0,1,0,0,1,0,0,0,1,0,128.99999999999994
8666,132088499,28,75,151.0,147.0,1.8,9,0,1,0,1,0,0,0,0,1,0,124.00000000000001
1048,138203440,29,191,89.0,105.0,1.9,11,1,0,0,0,1,0,0,0,0,1,100.00000000000003
957,138205408,25,298,277.0,150.0,2.5,21,1,0,0,1,0,0,0,0,1,0,28.999999999999993
2748,138144130,26,201,186.0,106.0,1.6,13,1,0,0,1,0,0,0,0,0,1,38.0
3768,138120326,1,214,22.0,102.0,0.0,2,0,0,1,0,0,1,0,0,1,0,307.9999999999998
2618,138148275,28,317,121.0,99.0,1.8,4,0,1,0,0,0,0,1,0,1,0,119.99999999999996
7099,133920869,1,436,169.0,150.0,2.0,12,1,0,0,0,1,0,0,0,0,1,81.0
5042,138064203,19,23,39.0,131.0,1.2,3,0,1,0,1,0,0,0,0,1,0,238.00000000000006
907,117098462,14,128,64.0,360.0,2.0,4,1,0,0,1,0,0,0,0,1,0,496.0000000000002
163,138224726,0,56,59.0,190.0,2.0,3,1,0,0,0,1,0,0,0,1,0,399.9999999999999
9026,137819055,0,59,29.0,190.0,3.0,1,1,0,0,0,1,0,0,0,1,0,665.0000000000001
57,138227093,7,209,30.0,131.0,1.5,2,0,1,0,1,0,0,0,0,1,0,289.0000000000001
8470,137838532,30,442,9.0,320.0,2.0,1,1,0,0,0,0,0,1,0,1,0,784.9999999999997
4981,138065376,6,248,45.0,150.0,2.0,2,1,0,0,0,1,0,0,0,1,0,438.9999999999998
3178,138135145,30,444,39.0,235.0,2.0,1,1,0,0,0,1,0,0,0,1,0,858.9999999999994
4112,138096753,18,71,215.0,101.0,1.7,12,0,1,0,0,1,0,0,0,0,1,16.999999999999996
2173,138152803,13,37,60.0,192.0,2.5,4,0,1,0,1,0,0,0,0,1,0,279.99999999999983
755,138210412,30,418,58.0,163.0,2.4,2,1,0,0,0,0,0,1,0,1,0,398.9999999999998
5508,138054926,13,149,36.0,160.0,2.0,2,1,0,0,1,0,0,0,0,1,0,385.0000000000001
700,138211666,1,434,59.0,163.0,2.0,3,1,0,0,0,1,0,0,0,1,0,433.99999999999994
5670,138050478,19,89,75.0,131.0,2.2,5,0,1,0,0,1,0,0,0,0,1,178.99999999999983
7776,122591459,14,80,44.0,184.0,2.0,6,1,0,0,1,0,0,0,0,1,0,220.00000000000006
1634,138190714,0,376,73.0,313.0,3.0,5,1,0,0,0,1,0,0,0,1,0,579.0000000000002
706,138211564,30,422,39.0,190.0,2.0,2,1,0,0,0,1,0,0,0,1,0,669.0
9144,137816887,17,256,0.0,122.0,0.0,1,0,1,0,0,0,1,0,0,1,0,329.9999999999997
4176,138091389,6,270,213.0,150.0,2.3,15,1,0,0,1,0,0,0,0,0,1,46.99999999999998
11021,137748659,16,299,34.0,202.0,2.0,3,1,0,0,0,0,0,1,0,1,0,368.9999999999999
319,138220947,28,453,30.0,73.0,1.5,3,0,1,0,0,0,0,1,0,1,0,171.99999999999991
7143,137940901,17,256,105.0,109.0,0.0,6,0,1,0,0,0,1,0,0,1,0,95.99999999999994
10724,137758779,0,52,65.0,95.0,1.0,4,0,1,0,1,0,0,0,0,1,0,159.99999999999994
7394,137911926,28,317,86.0,136.0,1.8,9,0,1,0,0,0,0,1,0,1,0,101.99999999999994
10433,137775690,18,457,73.0,136.0,1.6,5,0,1,0,0,1,0,0,0,0,1,198.99999999999983
